"categoria","producto","ficha","imagen","archivo"
"colagenos-bebibles","colageno-beauty","https://www.guiavitaminway.com.ar/colagenos-bebibles/colageno-beauty","https://www.guiavitaminway.com.ar/images/vitaminway_guia/como_se_usa/PREPARACION_COLAGENO_BEAUTY_X_360_GRAMOS.jpg","colagenos-bebibles\colageno-beauty\01_PREPARACION_COLAGENO_BEAUTY_X_360_GRAMOS.jpg"
"colagenos-bebibles","colageno-beauty","https://www.guiavitaminway.com.ar/colagenos-bebibles/colageno-beauty","https://www.guiavitaminway.com.ar/templates/yootheme/cache/3f/imagen_colageno_beauty-3f228206.jpeg","colagenos-bebibles\colageno-beauty\02_imagen_colageno_beauty-3f228206.jpeg"
"colagenos-bebibles","colageno-beauty","https://www.guiavitaminway.com.ar/colagenos-bebibles/colageno-beauty","https://www.guiavitaminway.com.ar/templates/yootheme/cache/52/imagen_colageno_beauty-52da6df6.jpeg","colagenos-bebibles\colageno-beauty\03_imagen_colageno_beauty-52da6df6.jpeg"
"colagenos-bebibles","colageno-beauty","https://www.guiavitaminway.com.ar/colagenos-bebibles/colageno-beauty","https://www.guiavitaminway.com.ar/templates/yootheme/cache/9d/colageno_beuty-9d7a0fec.png","colagenos-bebibles\colageno-beauty\04_colageno_beuty-9d7a0fec.png"
"colagenos-bebibles","colageno-beauty","https://www.guiavitaminway.com.ar/colagenos-bebibles/colageno-beauty","https://www.guiavitaminway.com.ar/templates/yootheme/cache/f4/colageno_beuty-f43ee705.png","colagenos-bebibles\colageno-beauty\05_colageno_beuty-f43ee705.png"
"colagenos-bebibles","colageno-beauty","https://www.guiavitaminway.com.ar/colagenos-bebibles/colageno-beauty","https://www.guiavitaminway.com.ar/templates/yootheme/cache/f6/colageno_beauty_360_cuadro-f6cc618e.jpeg","colagenos-bebibles\colageno-beauty\06_colageno_beauty_360_cuadro-f6cc618e.jpeg"
"colagenos-bebibles","colageno-beauty-flex","https://www.guiavitaminway.com.ar/colagenos-bebibles/colageno-beauty-flex","https://www.guiavitaminway.com.ar/images/vitaminway_guia/como_se_usa/PREPARACION_COLAGENO_BEAUTY_FLEX.jpg","colagenos-bebibles\colageno-beauty-flex\01_PREPARACION_COLAGENO_BEAUTY_FLEX.jpg"
"colagenos-bebibles","colageno-beauty-flex","https://www.guiavitaminway.com.ar/colagenos-bebibles/colageno-beauty-flex","https://www.guiavitaminway.com.ar/templates/yootheme/cache/32/imagen_colageno_beauty_flex-3214000d.jpeg","colagenos-bebibles\colageno-beauty-flex\02_imagen_colageno_beauty_flex-3214000d.jpeg"
"colagenos-bebibles","colageno-beauty-flex","https://www.guiavitaminway.com.ar/colagenos-bebibles/colageno-beauty-flex","https://www.guiavitaminway.com.ar/templates/yootheme/cache/38/colageno_beuty_flex-3847c150.png","colagenos-bebibles\colageno-beauty-flex\03_colageno_beuty_flex-3847c150.png"
"colagenos-bebibles","colageno-beauty-flex","https://www.guiavitaminway.com.ar/colagenos-bebibles/colageno-beauty-flex","https://www.guiavitaminway.com.ar/templates/yootheme/cache/5c/imagen_colageno_beauty_flex-5c17e7ba.jpeg","colagenos-bebibles\colageno-beauty-flex\04_imagen_colageno_beauty_flex-5c17e7ba.jpeg"
"colagenos-bebibles","colageno-beauty-flex","https://www.guiavitaminway.com.ar/colagenos-bebibles/colageno-beauty-flex","https://www.guiavitaminway.com.ar/templates/yootheme/cache/7a/colageno_beauty_flex_360_cuadro-7af9b62f.jpeg","colagenos-bebibles\colageno-beauty-flex\05_colageno_beauty_flex_360_cuadro-7af9b62f.jpeg"
"colagenos-bebibles","colageno-beauty-flex","https://www.guiavitaminway.com.ar/colagenos-bebibles/colageno-beauty-flex","https://www.guiavitaminway.com.ar/templates/yootheme/cache/98/colageno_beuty_flex-98fb20a0.png","colagenos-bebibles\colageno-beauty-flex\06_colageno_beuty_flex-98fb20a0.png"
"colagenos-bebibles","colageno-flex-polvo","https://www.guiavitaminway.com.ar/colagenos-bebibles/colageno-flex-polvo","https://www.guiavitaminway.com.ar/images/vitaminway_guia/como_se_usa/PREPARACION_COLAGENOS_BEBIBLES_X_360_GRAMOS.jpg","colagenos-bebibles\colageno-flex-polvo\01_PREPARACION_COLAGENOS_BEBIBLES_X_360_GRAMOS.jpg"
"colagenos-bebibles","colageno-flex-polvo","https://www.guiavitaminway.com.ar/colagenos-bebibles/colageno-flex-polvo","https://www.guiavitaminway.com.ar/templates/yootheme/cache/28/imagen_colageno_flex-2804d2a2.jpeg","colagenos-bebibles\colageno-flex-polvo\02_imagen_colageno_flex-2804d2a2.jpeg"
"colagenos-bebibles","colageno-flex-polvo","https://www.guiavitaminway.com.ar/colagenos-bebibles/colageno-flex-polvo","https://www.guiavitaminway.com.ar/templates/yootheme/cache/45/colageno_flex_360_cuadro-4517d9ae.jpeg","colagenos-bebibles\colageno-flex-polvo\03_colageno_flex_360_cuadro-4517d9ae.jpeg"
"colagenos-bebibles","colageno-flex-polvo","https://www.guiavitaminway.com.ar/colagenos-bebibles/colageno-flex-polvo","https://www.guiavitaminway.com.ar/templates/yootheme/cache/58/colageno_flex_frasco-58347684.png","colagenos-bebibles\colageno-flex-polvo\04_colageno_flex_frasco-58347684.png"
"colagenos-bebibles","colageno-flex-polvo","https://www.guiavitaminway.com.ar/colagenos-bebibles/colageno-flex-polvo","https://www.guiavitaminway.com.ar/templates/yootheme/cache/74/imagen_colageno_flex-7474b4d2.jpeg","colagenos-bebibles\colageno-flex-polvo\05_imagen_colageno_flex-7474b4d2.jpeg"
"colagenos-bebibles","colageno-flex-polvo","https://www.guiavitaminway.com.ar/colagenos-bebibles/colageno-flex-polvo","https://www.guiavitaminway.com.ar/templates/yootheme/cache/ee/colageno_flex_frasco-ee370db0.png","colagenos-bebibles\colageno-flex-polvo\06_colageno_flex_frasco-ee370db0.png"
"colagenos-bebibles","colageno-sport","https://www.guiavitaminway.com.ar/colagenos-bebibles/colageno-sport","https://www.guiavitaminway.com.ar/images/vitaminway_guia/como_se_usa/PREPARACION_COLAGENO_SPORT_X_360_GRAMOS.jpg","colagenos-bebibles\colageno-sport\01_PREPARACION_COLAGENO_SPORT_X_360_GRAMOS.jpg"
"colagenos-bebibles","colageno-sport","https://www.guiavitaminway.com.ar/colagenos-bebibles/colageno-sport","https://www.guiavitaminway.com.ar/templates/yootheme/cache/2d/colageno_sport_360_cuadro-2d98cf30.jpeg","colagenos-bebibles\colageno-sport\02_colageno_sport_360_cuadro-2d98cf30.jpeg"
"colagenos-bebibles","colageno-sport","https://www.guiavitaminway.com.ar/colagenos-bebibles/colageno-sport","https://www.guiavitaminway.com.ar/templates/yootheme/cache/6f/imagen_colageno_sport-6f75a320.jpeg","colagenos-bebibles\colageno-sport\03_imagen_colageno_sport-6f75a320.jpeg"
"colagenos-bebibles","colageno-sport","https://www.guiavitaminway.com.ar/colagenos-bebibles/colageno-sport","https://www.guiavitaminway.com.ar/templates/yootheme/cache/8b/imagen_colageno_sport-8b81a04b.jpeg","colagenos-bebibles\colageno-sport\04_imagen_colageno_sport-8b81a04b.jpeg"
"colagenos-bebibles","colageno-sport","https://www.guiavitaminway.com.ar/colagenos-bebibles/colageno-sport","https://www.guiavitaminway.com.ar/templates/yootheme/cache/b0/colageno_sport-b0b681a2.png","colagenos-bebibles\colageno-sport\05_colageno_sport-b0b681a2.png"
"colagenos-bebibles","colageno-sport","https://www.guiavitaminway.com.ar/colagenos-bebibles/colageno-sport","https://www.guiavitaminway.com.ar/templates/yootheme/cache/dc/colageno_sport-dcee686b.png","colagenos-bebibles\colageno-sport\06_colageno_sport-dcee686b.png"
"colesterol","chia-capsulas","https://www.guiavitaminway.com.ar/colesterol/chia-capsulas","https://www.guiavitaminway.com.ar/templates/yootheme/cache/00/chia_capsula_packs_vitaminway-00d09295.png","colesterol\chia-capsulas\01_chia_capsula_packs_vitaminway-00d09295.png"
"colesterol","chia-capsulas","https://www.guiavitaminway.com.ar/colesterol/chia-capsulas","https://www.guiavitaminway.com.ar/templates/yootheme/cache/31/chia_capsula_packs_vitaminway-31a4f062.png","colesterol\chia-capsulas\02_chia_capsula_packs_vitaminway-31a4f062.png"
"colesterol","chia-capsulas","https://www.guiavitaminway.com.ar/colesterol/chia-capsulas","https://www.guiavitaminway.com.ar/templates/yootheme/cache/37/foto_chia_capsulas-3700cb7d.jpeg","colesterol\chia-capsulas\03_foto_chia_capsulas-3700cb7d.jpeg"
"colesterol","chia-capsulas","https://www.guiavitaminway.com.ar/colesterol/chia-capsulas","https://www.guiavitaminway.com.ar/templates/yootheme/cache/91/foto_chia_capsulas-91de2328.jpeg","colesterol\chia-capsulas\04_foto_chia_capsulas-91de2328.jpeg"
"colesterol","chia-capsulas","https://www.guiavitaminway.com.ar/colesterol/chia-capsulas","https://www.guiavitaminway.com.ar/templates/yootheme/cache/97/Cuadros_Info._Nutricional_Omega_3_chia-97d8d313.jpeg","colesterol\chia-capsulas\05_Cuadros_Info._Nutricional_Omega_3_chia-97d8d313.jpeg"
"colesterol","krill-duo","https://www.guiavitaminway.com.ar/colesterol/krill-duo","https://www.guiavitaminway.com.ar/templates/yootheme/cache/1d/krill_duo_packs_vitaminway-1da07795.png","colesterol\krill-duo\01_krill_duo_packs_vitaminway-1da07795.png"
"colesterol","krill-duo","https://www.guiavitaminway.com.ar/colesterol/krill-duo","https://www.guiavitaminway.com.ar/templates/yootheme/cache/43/krill_duo_packs_vitaminway-434d5426.png","colesterol\krill-duo\02_krill_duo_packs_vitaminway-434d5426.png"
"colesterol","krill-duo","https://www.guiavitaminway.com.ar/colesterol/krill-duo","https://www.guiavitaminway.com.ar/templates/yootheme/cache/88/foto_krill_duo-88a3ef46.jpeg","colesterol\krill-duo\03_foto_krill_duo-88a3ef46.jpeg"
"colesterol","krill-duo","https://www.guiavitaminway.com.ar/colesterol/krill-duo","https://www.guiavitaminway.com.ar/templates/yootheme/cache/b3/foto_krill_duo-b3c5875a.jpeg","colesterol\krill-duo\04_foto_krill_duo-b3c5875a.jpeg"
"colesterol","krill-duo","https://www.guiavitaminway.com.ar/colesterol/krill-duo","https://www.guiavitaminway.com.ar/templates/yootheme/cache/de/Inf._Nutricional_Krill_DUO-de6d0dac.jpeg","colesterol\krill-duo\05_Inf._Nutricional_Krill_DUO-de6d0dac.jpeg"
"colesterol","omega-3","https://www.guiavitaminway.com.ar/colesterol/omega-3","https://www.guiavitaminway.com.ar/templates/yootheme/cache/03/foto_omega3-039e1868.jpeg","colesterol\omega-3\01_foto_omega3-039e1868.jpeg"
"colesterol","omega-3","https://www.guiavitaminway.com.ar/colesterol/omega-3","https://www.guiavitaminway.com.ar/templates/yootheme/cache/20/foto_omega3-206518fb.jpeg","colesterol\omega-3\02_foto_omega3-206518fb.jpeg"
"colesterol","omega-3","https://www.guiavitaminway.com.ar/colesterol/omega-3","https://www.guiavitaminway.com.ar/templates/yootheme/cache/4d/Cuadros_Info._Nutricional_Omega_3-4dd2603b.jpeg","colesterol\omega-3\03_Cuadros_Info._Nutricional_Omega_3-4dd2603b.jpeg"
"colesterol","omega-3","https://www.guiavitaminway.com.ar/colesterol/omega-3","https://www.guiavitaminway.com.ar/templates/yootheme/cache/aa/omega_3_packs_vitaminway-aab9ba1b.png","colesterol\omega-3\04_omega_3_packs_vitaminway-aab9ba1b.png"
"colesterol","omega-3","https://www.guiavitaminway.com.ar/colesterol/omega-3","https://www.guiavitaminway.com.ar/templates/yootheme/cache/e0/omega_3_packs_vitaminway-e0e07fdb.png","colesterol\omega-3\05_omega_3_packs_vitaminway-e0e07fdb.png"
"colesterol","omega-3-duo","https://www.guiavitaminway.com.ar/colesterol/omega-3-duo","https://www.guiavitaminway.com.ar/templates/yootheme/cache/5c/omega3_duo_packs_vitaminway-5c45a150.png","colesterol\omega-3-duo\01_omega3_duo_packs_vitaminway-5c45a150.png"
"colesterol","omega-3-duo","https://www.guiavitaminway.com.ar/colesterol/omega-3-duo","https://www.guiavitaminway.com.ar/templates/yootheme/cache/73/omega3_duo_packs_vitaminway-7370275d.png","colesterol\omega-3-duo\02_omega3_duo_packs_vitaminway-7370275d.png"
"colesterol","omega-3-duo","https://www.guiavitaminway.com.ar/colesterol/omega-3-duo","https://www.guiavitaminway.com.ar/templates/yootheme/cache/a1/foto_omega3_duo-a1e66da4.jpeg","colesterol\omega-3-duo\03_foto_omega3_duo-a1e66da4.jpeg"
"colesterol","omega-3-duo","https://www.guiavitaminway.com.ar/colesterol/omega-3-duo","https://www.guiavitaminway.com.ar/templates/yootheme/cache/f8/foto_omega3_duo-f8bfa0b4.jpeg","colesterol\omega-3-duo\04_foto_omega3_duo-f8bfa0b4.jpeg"
"colesterol","omega-3-duo","https://www.guiavitaminway.com.ar/colesterol/omega-3-duo","https://www.guiavitaminway.com.ar/templates/yootheme/cache/ff/Cuadros_Info._Nutricional_Omega_3_d_o_1-ff9ad52a.jpeg","colesterol\omega-3-duo\05_Cuadros_Info._Nutricional_Omega_3_d_o_1-ff9ad52a.jpeg"
"detox","clorofila-cleanse","https://www.guiavitaminway.com.ar/detox/clorofila-cleanse","https://www.guiavitaminway.com.ar/templates/yootheme/cache/04/clorofila_cleans_packs_vitaminway-0401cb56.png","detox\clorofila-cleanse\01_clorofila_cleans_packs_vitaminway-0401cb56.png"
"detox","clorofila-cleanse","https://www.guiavitaminway.com.ar/detox/clorofila-cleanse","https://www.guiavitaminway.com.ar/templates/yootheme/cache/16/foto_clorofila-16d5db1e.jpeg","detox\clorofila-cleanse\02_foto_clorofila-16d5db1e.jpeg"
"detox","clorofila-cleanse","https://www.guiavitaminway.com.ar/detox/clorofila-cleanse","https://www.guiavitaminway.com.ar/templates/yootheme/cache/1c/Cuadros_Info._Nutricional_Clorofila-1c68e3f0.jpeg","detox\clorofila-cleanse\03_Cuadros_Info._Nutricional_Clorofila-1c68e3f0.jpeg"
"detox","clorofila-cleanse","https://www.guiavitaminway.com.ar/detox/clorofila-cleanse","https://www.guiavitaminway.com.ar/templates/yootheme/cache/31/clorofila_cleans_packs_vitaminway-31a20d6d.png","detox\clorofila-cleanse\04_clorofila_cleans_packs_vitaminway-31a20d6d.png"
"detox","clorofila-cleanse","https://www.guiavitaminway.com.ar/detox/clorofila-cleanse","https://www.guiavitaminway.com.ar/templates/yootheme/cache/36/foto_clorofila-36b5107c.jpeg","detox\clorofila-cleanse\05_foto_clorofila-36b5107c.jpeg"
"detox","detox","https://www.guiavitaminway.com.ar/detox/detox","https://www.guiavitaminway.com.ar/templates/yootheme/cache/30/detox_packs_vitaminway-30a22b16.png","detox\detox\01_detox_packs_vitaminway-30a22b16.png"
"detox","detox","https://www.guiavitaminway.com.ar/detox/detox","https://www.guiavitaminway.com.ar/templates/yootheme/cache/6b/detox_packs_vitaminway-6b97ea27.png","detox\detox\02_detox_packs_vitaminway-6b97ea27.png"
"detox","detox","https://www.guiavitaminway.com.ar/detox/detox","https://www.guiavitaminway.com.ar/templates/yootheme/cache/a7/foto_detox-a707b0e2.jpeg","detox\detox\03_foto_detox-a707b0e2.jpeg"
"detox","detox","https://www.guiavitaminway.com.ar/detox/detox","https://www.guiavitaminway.com.ar/templates/yootheme/cache/ea/foto_detox-ea340a71.jpeg","detox\detox\04_foto_detox-ea340a71.jpeg"
"detox","detox","https://www.guiavitaminway.com.ar/detox/detox","https://www.guiavitaminway.com.ar/templates/yootheme/cache/f6/Cuadros_Info._Nutricional_Detox-f65b98c5.jpeg","detox\detox\05_Cuadros_Info._Nutricional_Detox-f65b98c5.jpeg"
"digestion","cascara-sagrada-aloe","https://www.guiavitaminway.com.ar/digestion/cascara-sagrada-aloe","https://www.guiavitaminway.com.ar/templates/yootheme/cache/33/foto_cascara_sagrada-33af6f18.jpeg","digestion\cascara-sagrada-aloe\01_foto_cascara_sagrada-33af6f18.jpeg"
"digestion","cascara-sagrada-aloe","https://www.guiavitaminway.com.ar/digestion/cascara-sagrada-aloe","https://www.guiavitaminway.com.ar/templates/yootheme/cache/41/cascara_sagrada_aloe_packs_vitaminway-41249c5d.png","digestion\cascara-sagrada-aloe\02_cascara_sagrada_aloe_packs_vitaminway-41249c5d.png"
"digestion","cascara-sagrada-aloe","https://www.guiavitaminway.com.ar/digestion/cascara-sagrada-aloe","https://www.guiavitaminway.com.ar/templates/yootheme/cache/bc/cascara_sagrada_aloe_packs_vitaminway-bc8184ee.png","digestion\cascara-sagrada-aloe\03_cascara_sagrada_aloe_packs_vitaminway-bc8184ee.png"
"digestion","cascara-sagrada-aloe","https://www.guiavitaminway.com.ar/digestion/cascara-sagrada-aloe","https://www.guiavitaminway.com.ar/templates/yootheme/cache/fe/foto_cascara_sagrada-fe12c883.jpeg","digestion\cascara-sagrada-aloe\04_foto_cascara_sagrada-fe12c883.jpeg"
"digestion","probioticos-prebiotico","https://www.guiavitaminway.com.ar/digestion/probioticos-prebiotico","https://www.guiavitaminway.com.ar/images/vitaminway_guia/como_se_usa/cuadro_probiotico.jpg","digestion\probioticos-prebiotico\01_cuadro_probiotico.jpg"
"digestion","probioticos-prebiotico","https://www.guiavitaminway.com.ar/digestion/probioticos-prebiotico","https://www.guiavitaminway.com.ar/templates/yootheme/cache/22/foto_probioticos-22fb1262.jpeg","digestion\probioticos-prebiotico\02_foto_probioticos-22fb1262.jpeg"
"digestion","probioticos-prebiotico","https://www.guiavitaminway.com.ar/digestion/probioticos-prebiotico","https://www.guiavitaminway.com.ar/templates/yootheme/cache/3b/foto_probioticos-3b912547.jpeg","digestion\probioticos-prebiotico\03_foto_probioticos-3b912547.jpeg"
"digestion","probioticos-prebiotico","https://www.guiavitaminway.com.ar/digestion/probioticos-prebiotico","https://www.guiavitaminway.com.ar/templates/yootheme/cache/44/probiotico_1k_packs_vitaminway-44060204.png","digestion\probioticos-prebiotico\04_probiotico_1k_packs_vitaminway-44060204.png"
"digestion","probioticos-prebiotico","https://www.guiavitaminway.com.ar/digestion/probioticos-prebiotico","https://www.guiavitaminway.com.ar/templates/yootheme/cache/4b/cuadro_probioticos_nuevo-4bbf49d5.jpeg","digestion\probioticos-prebiotico\05_cuadro_probioticos_nuevo-4bbf49d5.jpeg"
"digestion","probioticos-prebiotico","https://www.guiavitaminway.com.ar/digestion/probioticos-prebiotico","https://www.guiavitaminway.com.ar/templates/yootheme/cache/d9/probiotico_1k_packs_vitaminway-d97f4968.png","digestion\probioticos-prebiotico\06_probiotico_1k_packs_vitaminway-d97f4968.png"
"digestion","probioticos-prebiotico-10-k","https://www.guiavitaminway.com.ar/digestion/probioticos-prebiotico-10-k","https://www.guiavitaminway.com.ar/templates/yootheme/cache/33/probiotico_10k_packs_vitaminway-33c008ac.png","digestion\probioticos-prebiotico-10-k\01_probiotico_10k_packs_vitaminway-33c008ac.png"
"digestion","probioticos-prebiotico-10-k","https://www.guiavitaminway.com.ar/digestion/probioticos-prebiotico-10-k","https://www.guiavitaminway.com.ar/templates/yootheme/cache/52/probioticos_10K_CUADRO-52398aa3.jpeg","digestion\probioticos-prebiotico-10-k\02_probioticos_10K_CUADRO-52398aa3.jpeg"
"digestion","probioticos-prebiotico-10-k","https://www.guiavitaminway.com.ar/digestion/probioticos-prebiotico-10-k","https://www.guiavitaminway.com.ar/templates/yootheme/cache/5b/probiotico_10k_packs_vitaminway-5bf30d43.png","digestion\probioticos-prebiotico-10-k\03_probiotico_10k_packs_vitaminway-5bf30d43.png"
"digestion","probioticos-prebiotico-10-k","https://www.guiavitaminway.com.ar/digestion/probioticos-prebiotico-10-k","https://www.guiavitaminway.com.ar/templates/yootheme/cache/7b/foto_probiotico_10_k-7b573de2.jpeg","digestion\probioticos-prebiotico-10-k\04_foto_probiotico_10_k-7b573de2.jpeg"
"digestion","probioticos-prebiotico-10-k","https://www.guiavitaminway.com.ar/digestion/probioticos-prebiotico-10-k","https://www.guiavitaminway.com.ar/templates/yootheme/cache/9b/foto_probiotico_10_k-9b8089b9.jpeg","digestion\probioticos-prebiotico-10-k\05_foto_probiotico_10_k-9b8089b9.jpeg"
"digestion","probioticos-vitaminas","https://www.guiavitaminway.com.ar/digestion/probioticos-vitaminas","https://www.guiavitaminway.com.ar/templates/yootheme/cache/21/probioticos_vitaminas_imagen-211e01ac.jpeg","digestion\probioticos-vitaminas\01_probioticos_vitaminas_imagen-211e01ac.jpeg"
"digestion","probioticos-vitaminas","https://www.guiavitaminway.com.ar/digestion/probioticos-vitaminas","https://www.guiavitaminway.com.ar/templates/yootheme/cache/28/probioticos_vitamina_packs_vitaminway-2870fc58.png","digestion\probioticos-vitaminas\02_probioticos_vitamina_packs_vitaminway-2870fc58.png"
"digestion","probioticos-vitaminas","https://www.guiavitaminway.com.ar/digestion/probioticos-vitaminas","https://www.guiavitaminway.com.ar/templates/yootheme/cache/9b/probioticos_vitaminas_imagen-9be1cec9.jpeg","digestion\probioticos-vitaminas\03_probioticos_vitaminas_imagen-9be1cec9.jpeg"
"digestion","probioticos-vitaminas","https://www.guiavitaminway.com.ar/digestion/probioticos-vitaminas","https://www.guiavitaminway.com.ar/templates/yootheme/cache/bc/probioticos_vitamina_packs_vitaminway-bcc65142.png","digestion\probioticos-vitaminas\04_probioticos_vitamina_packs_vitaminway-bcc65142.png"
"digestion","probioticos-vitaminas","https://www.guiavitaminway.com.ar/digestion/probioticos-vitaminas","https://www.guiavitaminway.com.ar/templates/yootheme/cache/f6/probioticos_vitaminas_cuadro-f6e15b9b.jpeg","digestion\probioticos-vitaminas\05_probioticos_vitaminas_cuadro-f6e15b9b.jpeg"
"digestion","vinagre-de-sidra-de-manzana","https://www.guiavitaminway.com.ar/digestion/vinagre-de-sidra-de-manzana","https://www.guiavitaminway.com.ar/templates/yootheme/cache/9e/vinagre_sidra_manzana_packs_vitaminway-9e7f9f56.png","digestion\vinagre-de-sidra-de-manzana\01_vinagre_sidra_manzana_packs_vitaminway-9e7f9f56.png"
"digestion","vinagre-de-sidra-de-manzana","https://www.guiavitaminway.com.ar/digestion/vinagre-de-sidra-de-manzana","https://www.guiavitaminway.com.ar/templates/yootheme/cache/a5/vinagre_de_sidra_de_manzana_foto-a55a0d0f.jpeg","digestion\vinagre-de-sidra-de-manzana\02_vinagre_de_sidra_de_manzana_foto-a55a0d0f.jpeg"
"digestion","vinagre-de-sidra-de-manzana","https://www.guiavitaminway.com.ar/digestion/vinagre-de-sidra-de-manzana","https://www.guiavitaminway.com.ar/templates/yootheme/cache/e5/vinagre_de_sidra_de_manzana_foto-e564f773.jpeg","digestion\vinagre-de-sidra-de-manzana\03_vinagre_de_sidra_de_manzana_foto-e564f773.jpeg"
"digestion","vinagre-de-sidra-de-manzana","https://www.guiavitaminway.com.ar/digestion/vinagre-de-sidra-de-manzana","https://www.guiavitaminway.com.ar/templates/yootheme/cache/e8/vinagre_sidra_manzana_packs_vitaminway-e8d24fdb.png","digestion\vinagre-de-sidra-de-manzana\04_vinagre_sidra_manzana_packs_vitaminway-e8d24fdb.png"
"digestion","vinagre-de-sidra-de-manzana","https://www.guiavitaminway.com.ar/digestion/vinagre-de-sidra-de-manzana","https://www.guiavitaminway.com.ar/templates/yootheme/cache/f6/vinagre_de_sidra_de_manzana_cuadra-f6cc9b22.jpeg","digestion\vinagre-de-sidra-de-manzana\05_vinagre_de_sidra_de_manzana_cuadra-f6cc9b22.jpeg"
"energia-y-rendimiento-fisico","cafeina-energy","https://www.guiavitaminway.com.ar/energia-y-rendimiento-fisico/cafeina-energy","https://www.guiavitaminway.com.ar/templates/yootheme/cache/16/foto_cafeina_energy-16b9ceef.jpeg","energia-y-rendimiento-fisico\cafeina-energy\01_foto_cafeina_energy-16b9ceef.jpeg"
"energia-y-rendimiento-fisico","cafeina-energy","https://www.guiavitaminway.com.ar/energia-y-rendimiento-fisico/cafeina-energy","https://www.guiavitaminway.com.ar/templates/yootheme/cache/43/foto_cafeina_energy-43cb5e2c.jpeg","energia-y-rendimiento-fisico\cafeina-energy\02_foto_cafeina_energy-43cb5e2c.jpeg"
"energia-y-rendimiento-fisico","cafeina-energy","https://www.guiavitaminway.com.ar/energia-y-rendimiento-fisico/cafeina-energy","https://www.guiavitaminway.com.ar/templates/yootheme/cache/7a/Cuadro_cafeina-7a63b1cf.jpeg","energia-y-rendimiento-fisico\cafeina-energy\03_Cuadro_cafeina-7a63b1cf.jpeg"
"energia-y-rendimiento-fisico","cafeina-energy","https://www.guiavitaminway.com.ar/energia-y-rendimiento-fisico/cafeina-energy","https://www.guiavitaminway.com.ar/templates/yootheme/cache/8f/cafeina_energy_packs_vitaminway-8fec079e.png","energia-y-rendimiento-fisico\cafeina-energy\04_cafeina_energy_packs_vitaminway-8fec079e.png"
"energia-y-rendimiento-fisico","cafeina-energy","https://www.guiavitaminway.com.ar/energia-y-rendimiento-fisico/cafeina-energy","https://www.guiavitaminway.com.ar/templates/yootheme/cache/e4/cafeina_energy_packs_vitaminway-e4fccaac.png","energia-y-rendimiento-fisico\cafeina-energy\05_cafeina_energy_packs_vitaminway-e4fccaac.png"
"energia-y-rendimiento-fisico","colageno-sport","https://www.guiavitaminway.com.ar/energia-y-rendimiento-fisico/colageno-sport","https://www.guiavitaminway.com.ar/images/vitaminway_guia/como_se_usa/PREPARACION_COLAGENO_SPORT_X_360_GRAMOS.jpg","energia-y-rendimiento-fisico\colageno-sport\01_PREPARACION_COLAGENO_SPORT_X_360_GRAMOS.jpg"
"energia-y-rendimiento-fisico","colageno-sport","https://www.guiavitaminway.com.ar/energia-y-rendimiento-fisico/colageno-sport","https://www.guiavitaminway.com.ar/templates/yootheme/cache/2d/colageno_sport_360_cuadro-2d98cf30.jpeg","energia-y-rendimiento-fisico\colageno-sport\02_colageno_sport_360_cuadro-2d98cf30.jpeg"
"energia-y-rendimiento-fisico","colageno-sport","https://www.guiavitaminway.com.ar/energia-y-rendimiento-fisico/colageno-sport","https://www.guiavitaminway.com.ar/templates/yootheme/cache/6f/imagen_colageno_sport-6f75a320.jpeg","energia-y-rendimiento-fisico\colageno-sport\03_imagen_colageno_sport-6f75a320.jpeg"
"energia-y-rendimiento-fisico","colageno-sport","https://www.guiavitaminway.com.ar/energia-y-rendimiento-fisico/colageno-sport","https://www.guiavitaminway.com.ar/templates/yootheme/cache/8b/imagen_colageno_sport-8b81a04b.jpeg","energia-y-rendimiento-fisico\colageno-sport\04_imagen_colageno_sport-8b81a04b.jpeg"
"energia-y-rendimiento-fisico","colageno-sport","https://www.guiavitaminway.com.ar/energia-y-rendimiento-fisico/colageno-sport","https://www.guiavitaminway.com.ar/templates/yootheme/cache/b0/colageno_sport-b0b681a2.png","energia-y-rendimiento-fisico\colageno-sport\05_colageno_sport-b0b681a2.png"
"energia-y-rendimiento-fisico","colageno-sport","https://www.guiavitaminway.com.ar/energia-y-rendimiento-fisico/colageno-sport","https://www.guiavitaminway.com.ar/templates/yootheme/cache/dc/colageno_sport-dcee686b.png","energia-y-rendimiento-fisico\colageno-sport\06_colageno_sport-dcee686b.png"
"energia-y-rendimiento-fisico","ginseng-guarana","https://www.guiavitaminway.com.ar/energia-y-rendimiento-fisico/ginseng-guarana","https://www.guiavitaminway.com.ar/templates/yootheme/cache/37/ginseng_guarana_packs_vitaminway-37b922ba.png","energia-y-rendimiento-fisico\ginseng-guarana\01_ginseng_guarana_packs_vitaminway-37b922ba.png"
"energia-y-rendimiento-fisico","ginseng-guarana","https://www.guiavitaminway.com.ar/energia-y-rendimiento-fisico/ginseng-guarana","https://www.guiavitaminway.com.ar/templates/yootheme/cache/3c/foto_ginseng_guarana-3ccfec09.jpeg","energia-y-rendimiento-fisico\ginseng-guarana\02_foto_ginseng_guarana-3ccfec09.jpeg"
"energia-y-rendimiento-fisico","ginseng-guarana","https://www.guiavitaminway.com.ar/energia-y-rendimiento-fisico/ginseng-guarana","https://www.guiavitaminway.com.ar/templates/yootheme/cache/57/ginseng_guarana_packs_vitaminway-57b20c53.png","energia-y-rendimiento-fisico\ginseng-guarana\03_ginseng_guarana_packs_vitaminway-57b20c53.png"
"energia-y-rendimiento-fisico","ginseng-guarana","https://www.guiavitaminway.com.ar/energia-y-rendimiento-fisico/ginseng-guarana","https://www.guiavitaminway.com.ar/templates/yootheme/cache/70/Cuadros_Info._Nutricional_Ginseng_Guarana-7022debd.jpeg","energia-y-rendimiento-fisico\ginseng-guarana\04_Cuadros_Info._Nutricional_Ginseng_Guarana-7022debd.jpeg"
"energia-y-rendimiento-fisico","ginseng-guarana","https://www.guiavitaminway.com.ar/energia-y-rendimiento-fisico/ginseng-guarana","https://www.guiavitaminway.com.ar/templates/yootheme/cache/fa/foto_ginseng_guarana-fa28d7da.jpeg","energia-y-rendimiento-fisico\ginseng-guarana\05_foto_ginseng_guarana-fa28d7da.jpeg"
"energia-y-rendimiento-fisico","maca-peruana","https://www.guiavitaminway.com.ar/energia-y-rendimiento-fisico/maca-peruana","https://www.guiavitaminway.com.ar/templates/yootheme/cache/13/foto_maca_peruana-13c288eb.jpeg","energia-y-rendimiento-fisico\maca-peruana\01_foto_maca_peruana-13c288eb.jpeg"
"energia-y-rendimiento-fisico","maca-peruana","https://www.guiavitaminway.com.ar/energia-y-rendimiento-fisico/maca-peruana","https://www.guiavitaminway.com.ar/templates/yootheme/cache/84/foto_maca_peruana-8417a8af.jpeg","energia-y-rendimiento-fisico\maca-peruana\02_foto_maca_peruana-8417a8af.jpeg"
"energia-y-rendimiento-fisico","maca-peruana","https://www.guiavitaminway.com.ar/energia-y-rendimiento-fisico/maca-peruana","https://www.guiavitaminway.com.ar/templates/yootheme/cache/b1/maca_peruana_pack-b196784c.png","energia-y-rendimiento-fisico\maca-peruana\03_maca_peruana_pack-b196784c.png"
"energia-y-rendimiento-fisico","maca-peruana","https://www.guiavitaminway.com.ar/energia-y-rendimiento-fisico/maca-peruana","https://www.guiavitaminway.com.ar/templates/yootheme/cache/be/cuadro_informacion_nutricionl_maca_peruana-bed496cb.png","energia-y-rendimiento-fisico\maca-peruana\04_cuadro_informacion_nutricionl_maca_peruana-bed496cb.png"
"energia-y-rendimiento-fisico","magnesio-sport","https://www.guiavitaminway.com.ar/energia-y-rendimiento-fisico/magnesio-sport","https://www.guiavitaminway.com.ar/templates/yootheme/cache/01/magnesio_sport_packs_vitaminway-01218d29.png","energia-y-rendimiento-fisico\magnesio-sport\01_magnesio_sport_packs_vitaminway-01218d29.png"
"energia-y-rendimiento-fisico","magnesio-sport","https://www.guiavitaminway.com.ar/energia-y-rendimiento-fisico/magnesio-sport","https://www.guiavitaminway.com.ar/templates/yootheme/cache/85/magnesio_sport_packs_vitaminway-85a64474.png","energia-y-rendimiento-fisico\magnesio-sport\02_magnesio_sport_packs_vitaminway-85a64474.png"
"energia-y-rendimiento-fisico","magnesio-sport","https://www.guiavitaminway.com.ar/energia-y-rendimiento-fisico/magnesio-sport","https://www.guiavitaminway.com.ar/templates/yootheme/cache/99/foto_magnesio_sport-990046cc.jpeg","energia-y-rendimiento-fisico\magnesio-sport\03_foto_magnesio_sport-990046cc.jpeg"
"energia-y-rendimiento-fisico","magnesio-sport","https://www.guiavitaminway.com.ar/energia-y-rendimiento-fisico/magnesio-sport","https://www.guiavitaminway.com.ar/templates/yootheme/cache/bc/Cuadros_Info._Nutricional_Magnesio_sport-bc0bcaca.jpeg","energia-y-rendimiento-fisico\magnesio-sport\04_Cuadros_Info._Nutricional_Magnesio_sport-bc0bcaca.jpeg"
"energia-y-rendimiento-fisico","magnesio-sport","https://www.guiavitaminway.com.ar/energia-y-rendimiento-fisico/magnesio-sport","https://www.guiavitaminway.com.ar/templates/yootheme/cache/ce/foto_magnesio_sport-ce36aabd.jpeg","energia-y-rendimiento-fisico\magnesio-sport\05_foto_magnesio_sport-ce36aabd.jpeg"
"energia-y-rendimiento-fisico","spirulina-sport","https://www.guiavitaminway.com.ar/energia-y-rendimiento-fisico/spirulina-sport","https://www.guiavitaminway.com.ar/templates/yootheme/cache/3b/spirulina_sport_packs_vitaminway-3bd09633.png","energia-y-rendimiento-fisico\spirulina-sport\01_spirulina_sport_packs_vitaminway-3bd09633.png"
"energia-y-rendimiento-fisico","spirulina-sport","https://www.guiavitaminway.com.ar/energia-y-rendimiento-fisico/spirulina-sport","https://www.guiavitaminway.com.ar/templates/yootheme/cache/4f/spirulina_sport_packs_vitaminway-4f0c91c7.png","energia-y-rendimiento-fisico\spirulina-sport\02_spirulina_sport_packs_vitaminway-4f0c91c7.png"
"energia-y-rendimiento-fisico","spirulina-sport","https://www.guiavitaminway.com.ar/energia-y-rendimiento-fisico/spirulina-sport","https://www.guiavitaminway.com.ar/templates/yootheme/cache/64/foto_spirulina_sport-64f4dcd2.jpeg","energia-y-rendimiento-fisico\spirulina-sport\03_foto_spirulina_sport-64f4dcd2.jpeg"
"energia-y-rendimiento-fisico","spirulina-sport","https://www.guiavitaminway.com.ar/energia-y-rendimiento-fisico/spirulina-sport","https://www.guiavitaminway.com.ar/templates/yootheme/cache/82/Cuadros_Info._Nutricional_Spirulina_Sport-825b55bf.jpeg","energia-y-rendimiento-fisico\spirulina-sport\04_Cuadros_Info._Nutricional_Spirulina_Sport-825b55bf.jpeg"
"energia-y-rendimiento-fisico","spirulina-sport","https://www.guiavitaminway.com.ar/energia-y-rendimiento-fisico/spirulina-sport","https://www.guiavitaminway.com.ar/templates/yootheme/cache/d0/foto_spirulina_sport-d073a873.jpeg","energia-y-rendimiento-fisico\spirulina-sport\05_foto_spirulina_sport-d073a873.jpeg"
"energia-y-rendimiento-fisico","up-for-men","https://www.guiavitaminway.com.ar/energia-y-rendimiento-fisico/up-for-men","https://www.guiavitaminway.com.ar/templates/yootheme/cache/31/foto_up_for_men-31a2082d.jpeg","energia-y-rendimiento-fisico\up-for-men\01_foto_up_for_men-31a2082d.jpeg"
"energia-y-rendimiento-fisico","up-for-men","https://www.guiavitaminway.com.ar/energia-y-rendimiento-fisico/up-for-men","https://www.guiavitaminway.com.ar/templates/yootheme/cache/31/foto_up_for_men-31c0ebc5.jpeg","energia-y-rendimiento-fisico\up-for-men\02_foto_up_for_men-31c0ebc5.jpeg"
"energia-y-rendimiento-fisico","up-for-men","https://www.guiavitaminway.com.ar/energia-y-rendimiento-fisico/up-for-men","https://www.guiavitaminway.com.ar/templates/yootheme/cache/62/up_for_men_packs_vitaminway-62a27ff7.png","energia-y-rendimiento-fisico\up-for-men\03_up_for_men_packs_vitaminway-62a27ff7.png"
"energia-y-rendimiento-fisico","up-for-men","https://www.guiavitaminway.com.ar/energia-y-rendimiento-fisico/up-for-men","https://www.guiavitaminway.com.ar/templates/yootheme/cache/7b/Cuadros_Info._Nutricional_Up_for_men-7bb872fe.jpeg","energia-y-rendimiento-fisico\up-for-men\04_Cuadros_Info._Nutricional_Up_for_men-7bb872fe.jpeg"
"energia-y-rendimiento-fisico","up-for-men","https://www.guiavitaminway.com.ar/energia-y-rendimiento-fisico/up-for-men","https://www.guiavitaminway.com.ar/templates/yootheme/cache/b1/up_for_men_packs_vitaminway-b1e7357c.png","energia-y-rendimiento-fisico\up-for-men\05_up_for_men_packs_vitaminway-b1e7357c.png"
"energia-y-rendimiento-fisico","up-for-woman","https://www.guiavitaminway.com.ar/energia-y-rendimiento-fisico/up-for-woman","https://www.guiavitaminway.com.ar/templates/yootheme/cache/10/foto_up_for_woman-1003a1b0.jpeg","energia-y-rendimiento-fisico\up-for-woman\01_foto_up_for_woman-1003a1b0.jpeg"
"energia-y-rendimiento-fisico","up-for-woman","https://www.guiavitaminway.com.ar/energia-y-rendimiento-fisico/up-for-woman","https://www.guiavitaminway.com.ar/templates/yootheme/cache/17/Inf_Nutricional_Up_for_Woman-171d4b00.jpeg","energia-y-rendimiento-fisico\up-for-woman\02_Inf_Nutricional_Up_for_Woman-171d4b00.jpeg"
"energia-y-rendimiento-fisico","up-for-woman","https://www.guiavitaminway.com.ar/energia-y-rendimiento-fisico/up-for-woman","https://www.guiavitaminway.com.ar/templates/yootheme/cache/4e/up_for_woman_packs_vitaminway-4ef045cb.png","energia-y-rendimiento-fisico\up-for-woman\03_up_for_woman_packs_vitaminway-4ef045cb.png"
"energia-y-rendimiento-fisico","up-for-woman","https://www.guiavitaminway.com.ar/energia-y-rendimiento-fisico/up-for-woman","https://www.guiavitaminway.com.ar/templates/yootheme/cache/d0/up_for_woman_packs_vitaminway-d0ebbd3e.png","energia-y-rendimiento-fisico\up-for-woman\04_up_for_woman_packs_vitaminway-d0ebbd3e.png"
"energia-y-rendimiento-fisico","up-for-woman","https://www.guiavitaminway.com.ar/energia-y-rendimiento-fisico/up-for-woman","https://www.guiavitaminway.com.ar/templates/yootheme/cache/de/foto_up_for_woman-dea753dd.jpeg","energia-y-rendimiento-fisico\up-for-woman\05_foto_up_for_woman-dea753dd.jpeg"
"huesos-y-articulaciones","colageno-flex","https://www.guiavitaminway.com.ar/huesos-y-articulaciones/colageno-flex","https://www.guiavitaminway.com.ar/templates/yootheme/cache/6b/foto_colageno_flex-6bb458d5.jpeg","huesos-y-articulaciones\colageno-flex\01_foto_colageno_flex-6bb458d5.jpeg"
"huesos-y-articulaciones","colageno-flex","https://www.guiavitaminway.com.ar/huesos-y-articulaciones/colageno-flex","https://www.guiavitaminway.com.ar/templates/yootheme/cache/a8/Cuadros_Info._Nutricional_Col_geno_Flex-a8370620.jpeg","huesos-y-articulaciones\colageno-flex\02_Cuadros_Info._Nutricional_Col_geno_Flex-a8370620.jpeg"
"huesos-y-articulaciones","colageno-flex","https://www.guiavitaminway.com.ar/huesos-y-articulaciones/colageno-flex","https://www.guiavitaminway.com.ar/templates/yootheme/cache/cd/foto_colageno_flex-cd0de338.jpeg","huesos-y-articulaciones\colageno-flex\03_foto_colageno_flex-cd0de338.jpeg"
"huesos-y-articulaciones","colageno-flex","https://www.guiavitaminway.com.ar/huesos-y-articulaciones/colageno-flex","https://www.guiavitaminway.com.ar/templates/yootheme/cache/cf/colageno_flex_packs_vitaminway-cfaf28a9.png","huesos-y-articulaciones\colageno-flex\04_colageno_flex_packs_vitaminway-cfaf28a9.png"
"huesos-y-articulaciones","colageno-flex","https://www.guiavitaminway.com.ar/huesos-y-articulaciones/colageno-flex","https://www.guiavitaminway.com.ar/templates/yootheme/cache/d2/colageno_flex_packs_vitaminway-d2b80c2c.png","huesos-y-articulaciones\colageno-flex\05_colageno_flex_packs_vitaminway-d2b80c2c.png"
"huesos-y-articulaciones","colageno-flex-polvo","https://www.guiavitaminway.com.ar/huesos-y-articulaciones/colageno-flex-polvo","https://www.guiavitaminway.com.ar/images/vitaminway_guia/como_se_usa/PREPARACION_COLAGENOS_BEBIBLES_X_360_GRAMOS.jpg","huesos-y-articulaciones\colageno-flex-polvo\01_PREPARACION_COLAGENOS_BEBIBLES_X_360_GRAMOS.jpg"
"huesos-y-articulaciones","colageno-flex-polvo","https://www.guiavitaminway.com.ar/huesos-y-articulaciones/colageno-flex-polvo","https://www.guiavitaminway.com.ar/templates/yootheme/cache/28/imagen_colageno_flex-2804d2a2.jpeg","huesos-y-articulaciones\colageno-flex-polvo\02_imagen_colageno_flex-2804d2a2.jpeg"
"huesos-y-articulaciones","colageno-flex-polvo","https://www.guiavitaminway.com.ar/huesos-y-articulaciones/colageno-flex-polvo","https://www.guiavitaminway.com.ar/templates/yootheme/cache/45/colageno_flex_360_cuadro-4517d9ae.jpeg","huesos-y-articulaciones\colageno-flex-polvo\03_colageno_flex_360_cuadro-4517d9ae.jpeg"
"huesos-y-articulaciones","colageno-flex-polvo","https://www.guiavitaminway.com.ar/huesos-y-articulaciones/colageno-flex-polvo","https://www.guiavitaminway.com.ar/templates/yootheme/cache/58/colageno_flex_frasco-58347684.png","huesos-y-articulaciones\colageno-flex-polvo\04_colageno_flex_frasco-58347684.png"
"huesos-y-articulaciones","colageno-flex-polvo","https://www.guiavitaminway.com.ar/huesos-y-articulaciones/colageno-flex-polvo","https://www.guiavitaminway.com.ar/templates/yootheme/cache/74/imagen_colageno_flex-7474b4d2.jpeg","huesos-y-articulaciones\colageno-flex-polvo\05_imagen_colageno_flex-7474b4d2.jpeg"
"huesos-y-articulaciones","colageno-flex-polvo","https://www.guiavitaminway.com.ar/huesos-y-articulaciones/colageno-flex-polvo","https://www.guiavitaminway.com.ar/templates/yootheme/cache/ee/colageno_flex_frasco-ee370db0.png","huesos-y-articulaciones\colageno-flex-polvo\06_colageno_flex_frasco-ee370db0.png"
"huesos-y-articulaciones","curcuma-jengibre","https://www.guiavitaminway.com.ar/huesos-y-articulaciones/curcuma-jengibre","https://www.guiavitaminway.com.ar/templates/yootheme/cache/6c/Inf._Nutricional_Curcuma_Jeng._Pimienta-6c861483.jpeg","huesos-y-articulaciones\curcuma-jengibre\01_Inf._Nutricional_Curcuma_Jeng._Pimienta-6c861483.jpeg"
"huesos-y-articulaciones","curcuma-jengibre","https://www.guiavitaminway.com.ar/huesos-y-articulaciones/curcuma-jengibre","https://www.guiavitaminway.com.ar/templates/yootheme/cache/96/curcuma_jengibre_packs_vitaminway-965c2062.png","huesos-y-articulaciones\curcuma-jengibre\02_curcuma_jengibre_packs_vitaminway-965c2062.png"
"huesos-y-articulaciones","curcuma-jengibre","https://www.guiavitaminway.com.ar/huesos-y-articulaciones/curcuma-jengibre","https://www.guiavitaminway.com.ar/templates/yootheme/cache/a3/foto_curcuma_jengibre-a36abc5a.jpeg","huesos-y-articulaciones\curcuma-jengibre\03_foto_curcuma_jengibre-a36abc5a.jpeg"
"huesos-y-articulaciones","curcuma-jengibre","https://www.guiavitaminway.com.ar/huesos-y-articulaciones/curcuma-jengibre","https://www.guiavitaminway.com.ar/templates/yootheme/cache/aa/curcuma_jengibre_packs_vitaminway-aa73edce.png","huesos-y-articulaciones\curcuma-jengibre\04_curcuma_jengibre_packs_vitaminway-aa73edce.png"
"huesos-y-articulaciones","curcuma-jengibre","https://www.guiavitaminway.com.ar/huesos-y-articulaciones/curcuma-jengibre","https://www.guiavitaminway.com.ar/templates/yootheme/cache/ac/foto_curcuma_jengibre-ac06063b.jpeg","huesos-y-articulaciones\curcuma-jengibre\05_foto_curcuma_jengibre-ac06063b.jpeg"
"huesos-y-articulaciones","insaponificables-de-palta-y-soja","https://www.guiavitaminway.com.ar/huesos-y-articulaciones/insaponificables-de-palta-y-soja","https://www.guiavitaminway.com.ar/templates/yootheme/cache/45/insaponificables_de_palta_y_soja_cuadro-45649db0.jpeg","huesos-y-articulaciones\insaponificables-de-palta-y-soja\01_insaponificables_de_palta_y_soja_cuadro-45649db0.jpeg"
"huesos-y-articulaciones","insaponificables-de-palta-y-soja","https://www.guiavitaminway.com.ar/huesos-y-articulaciones/insaponificables-de-palta-y-soja","https://www.guiavitaminway.com.ar/templates/yootheme/cache/47/insaponificables_de_palta_y_soja_imagen-47064ae7.jpeg","huesos-y-articulaciones\insaponificables-de-palta-y-soja\02_insaponificables_de_palta_y_soja_imagen-47064ae7.jpeg"
"huesos-y-articulaciones","insaponificables-de-palta-y-soja","https://www.guiavitaminway.com.ar/huesos-y-articulaciones/insaponificables-de-palta-y-soja","https://www.guiavitaminway.com.ar/templates/yootheme/cache/b8/insaponificables_de_palta_y_soja_imagen-b8e4d2a1.jpeg","huesos-y-articulaciones\insaponificables-de-palta-y-soja\03_insaponificables_de_palta_y_soja_imagen-b8e4d2a1.jpeg"
"huesos-y-articulaciones","insaponificables-de-palta-y-soja","https://www.guiavitaminway.com.ar/huesos-y-articulaciones/insaponificables-de-palta-y-soja","https://www.guiavitaminway.com.ar/templates/yootheme/cache/cc/palta_soja_packs_vitaminway-cc1741dc.png","huesos-y-articulaciones\insaponificables-de-palta-y-soja\04_palta_soja_packs_vitaminway-cc1741dc.png"
"huesos-y-articulaciones","insaponificables-de-palta-y-soja","https://www.guiavitaminway.com.ar/huesos-y-articulaciones/insaponificables-de-palta-y-soja","https://www.guiavitaminway.com.ar/templates/yootheme/cache/e3/palta_soja_packs_vitaminway-e37e5a34.png","huesos-y-articulaciones\insaponificables-de-palta-y-soja\05_palta_soja_packs_vitaminway-e37e5a34.png"
"huesos-y-articulaciones","magnesio-calcio","https://www.guiavitaminway.com.ar/huesos-y-articulaciones/magnesio-calcio","https://www.guiavitaminway.com.ar/templates/yootheme/cache/2f/magnesio_calcio_packs_vitaminway-2f945589.png","huesos-y-articulaciones\magnesio-calcio\01_magnesio_calcio_packs_vitaminway-2f945589.png"
"huesos-y-articulaciones","magnesio-calcio","https://www.guiavitaminway.com.ar/huesos-y-articulaciones/magnesio-calcio","https://www.guiavitaminway.com.ar/templates/yootheme/cache/a0/magnesio_calcio_packs_vitaminway-a0621d43.png","huesos-y-articulaciones\magnesio-calcio\02_magnesio_calcio_packs_vitaminway-a0621d43.png"
"huesos-y-articulaciones","magnesio-calcio","https://www.guiavitaminway.com.ar/huesos-y-articulaciones/magnesio-calcio","https://www.guiavitaminway.com.ar/templates/yootheme/cache/cd/Info_Nutricional_Mg_Ca-cd7fae30.jpeg","huesos-y-articulaciones\magnesio-calcio\03_Info_Nutricional_Mg_Ca-cd7fae30.jpeg"
"huesos-y-articulaciones","magnesio-calcio","https://www.guiavitaminway.com.ar/huesos-y-articulaciones/magnesio-calcio","https://www.guiavitaminway.com.ar/templates/yootheme/cache/d1/foto_magnesio_calcio-d19144c2.jpeg","huesos-y-articulaciones\magnesio-calcio\04_foto_magnesio_calcio-d19144c2.jpeg"
"huesos-y-articulaciones","magnesio-calcio","https://www.guiavitaminway.com.ar/huesos-y-articulaciones/magnesio-calcio","https://www.guiavitaminway.com.ar/templates/yootheme/cache/e7/foto_magnesio_calcio-e7ef7954.jpeg","huesos-y-articulaciones\magnesio-calcio\05_foto_magnesio_calcio-e7ef7954.jpeg"
"memoria","cognitive-dha","https://www.guiavitaminway.com.ar/memoria/cognitive-dha","https://www.guiavitaminway.com.ar/templates/yootheme/cache/09/cognitive_dha_foto-096cdce9.jpeg","memoria\cognitive-dha\01_cognitive_dha_foto-096cdce9.jpeg"
"memoria","cognitive-dha","https://www.guiavitaminway.com.ar/memoria/cognitive-dha","https://www.guiavitaminway.com.ar/templates/yootheme/cache/94/cognitive_dha_packs_vitaminway-944c902b.png","memoria\cognitive-dha\02_cognitive_dha_packs_vitaminway-944c902b.png"
"memoria","cognitive-dha","https://www.guiavitaminway.com.ar/memoria/cognitive-dha","https://www.guiavitaminway.com.ar/templates/yootheme/cache/bb/cognitive_dha_packs_vitaminway-bbd7e6e8.png","memoria\cognitive-dha\03_cognitive_dha_packs_vitaminway-bbd7e6e8.png"
"memoria","cognitive-dha","https://www.guiavitaminway.com.ar/memoria/cognitive-dha","https://www.guiavitaminway.com.ar/templates/yootheme/cache/d3/cognitive_dha_cuadro-d3f94d54.jpeg","memoria\cognitive-dha\04_cognitive_dha_cuadro-d3f94d54.jpeg"
"memoria","cognitive-dha","https://www.guiavitaminway.com.ar/memoria/cognitive-dha","https://www.guiavitaminway.com.ar/templates/yootheme/cache/f4/cognitive_dha_foto-f44b8de8.jpeg","memoria\cognitive-dha\05_cognitive_dha_foto-f44b8de8.jpeg"
"memoria","fosfomemory","https://www.guiavitaminway.com.ar/memoria/fosfomemory","https://www.guiavitaminway.com.ar/templates/yootheme/cache/77/fosfomemory-771374bc.png","memoria\fosfomemory\01_fosfomemory-771374bc.png"
"memoria","fosfomemory","https://www.guiavitaminway.com.ar/memoria/fosfomemory","https://www.guiavitaminway.com.ar/templates/yootheme/cache/84/foto_fosfomemory-8490cf73.jpeg","memoria\fosfomemory\02_foto_fosfomemory-8490cf73.jpeg"
"memoria","fosfomemory","https://www.guiavitaminway.com.ar/memoria/fosfomemory","https://www.guiavitaminway.com.ar/templates/yootheme/cache/a8/fosfomemory-a89a61e5.png","memoria\fosfomemory\03_fosfomemory-a89a61e5.png"
"memoria","fosfomemory","https://www.guiavitaminway.com.ar/memoria/fosfomemory","https://www.guiavitaminway.com.ar/templates/yootheme/cache/d0/foto_fosfomemory-d07b2785.jpeg","memoria\fosfomemory\04_foto_fosfomemory-d07b2785.jpeg"
"memoria","fosfomemory","https://www.guiavitaminway.com.ar/memoria/fosfomemory","https://www.guiavitaminway.com.ar/templates/yootheme/cache/e6/Cuadros_Info._Nutricional_Fosfomemory-e6b575d0.jpeg","memoria\fosfomemory\05_Cuadros_Info._Nutricional_Fosfomemory-e6b575d0.jpeg"
"memoria","ginkgo-120-complex","https://www.guiavitaminway.com.ar/memoria/ginkgo-120-complex","https://www.guiavitaminway.com.ar/templates/yootheme/cache/13/Cuadros_Info._Nutricional_Ginkgo-1382f322.jpeg","memoria\ginkgo-120-complex\01_Cuadros_Info._Nutricional_Ginkgo-1382f322.jpeg"
"memoria","ginkgo-120-complex","https://www.guiavitaminway.com.ar/memoria/ginkgo-120-complex","https://www.guiavitaminway.com.ar/templates/yootheme/cache/1f/ginko_120_complex_packs_vitaminway-1f19ef2b.png","memoria\ginkgo-120-complex\02_ginko_120_complex_packs_vitaminway-1f19ef2b.png"
"memoria","ginkgo-120-complex","https://www.guiavitaminway.com.ar/memoria/ginkgo-120-complex","https://www.guiavitaminway.com.ar/templates/yootheme/cache/21/foto_ginkgo-21435798.jpeg","memoria\ginkgo-120-complex\03_foto_ginkgo-21435798.jpeg"
"memoria","ginkgo-120-complex","https://www.guiavitaminway.com.ar/memoria/ginkgo-120-complex","https://www.guiavitaminway.com.ar/templates/yootheme/cache/72/foto_ginkgo-722ed84d.jpeg","memoria\ginkgo-120-complex\04_foto_ginkgo-722ed84d.jpeg"
"memoria","ginkgo-120-complex","https://www.guiavitaminway.com.ar/memoria/ginkgo-120-complex","https://www.guiavitaminway.com.ar/templates/yootheme/cache/db/ginko_120_complex_packs_vitaminway-db1ba6ae.png","memoria\ginkgo-120-complex\05_ginko_120_complex_packs_vitaminway-db1ba6ae.png"
"memoria","melena-de-leon","https://www.guiavitaminway.com.ar/memoria/melena-de-leon","https://www.guiavitaminway.com.ar/templates/yootheme/cache/1b/melena_de_leon_pack_nuevo-1b5e0689.jpeg","memoria\melena-de-leon\01_melena_de_leon_pack_nuevo-1b5e0689.jpeg"
"memoria","melena-de-leon","https://www.guiavitaminway.com.ar/memoria/melena-de-leon","https://www.guiavitaminway.com.ar/templates/yootheme/cache/35/melena_de_leon_foto-35fc4a6f.jpeg","memoria\melena-de-leon\02_melena_de_leon_foto-35fc4a6f.jpeg"
"memoria","melena-de-leon","https://www.guiavitaminway.com.ar/memoria/melena-de-leon","https://www.guiavitaminway.com.ar/templates/yootheme/cache/55/extracto_de_hongo_melena_de_leon_cuadro-551161d1.jpeg","memoria\melena-de-leon\03_extracto_de_hongo_melena_de_leon_cuadro-551161d1.jpeg"
"memoria","melena-de-leon","https://www.guiavitaminway.com.ar/memoria/melena-de-leon","https://www.guiavitaminway.com.ar/templates/yootheme/cache/5a/melena_de_leon_pack_nuevo-5a039f7e.jpeg","memoria\melena-de-leon\04_melena_de_leon_pack_nuevo-5a039f7e.jpeg"
"memoria","melena-de-leon","https://www.guiavitaminway.com.ar/memoria/melena-de-leon","https://www.guiavitaminway.com.ar/templates/yootheme/cache/70/melena_de_leon_foto-70db1195.jpeg","memoria\melena-de-leon\05_melena_de_leon_foto-70db1195.jpeg"
"mujer","arandano-ury","https://www.guiavitaminway.com.ar/mujer/arandano-ury","https://www.guiavitaminway.com.ar/templates/yootheme/cache/0b/arandano_ury_packs_vitaminway-0be132fb.png","mujer\arandano-ury\01_arandano_ury_packs_vitaminway-0be132fb.png"
"mujer","arandano-ury","https://www.guiavitaminway.com.ar/mujer/arandano-ury","https://www.guiavitaminway.com.ar/templates/yootheme/cache/26/arandano_ury_packs_vitaminway-263ccce7.png","mujer\arandano-ury\02_arandano_ury_packs_vitaminway-263ccce7.png"
"mujer","arandano-ury","https://www.guiavitaminway.com.ar/mujer/arandano-ury","https://www.guiavitaminway.com.ar/templates/yootheme/cache/e6/foto_arandano_ury-e61026b3.jpeg","mujer\arandano-ury\03_foto_arandano_ury-e61026b3.jpeg"
"mujer","arandano-ury","https://www.guiavitaminway.com.ar/mujer/arandano-ury","https://www.guiavitaminway.com.ar/templates/yootheme/cache/ec/foto_arandano_ury-ecdd0b43.jpeg","mujer\arandano-ury\04_foto_arandano_ury-ecdd0b43.jpeg"
"mujer","arandano-ury","https://www.guiavitaminway.com.ar/mujer/arandano-ury","https://www.guiavitaminway.com.ar/templates/yootheme/cache/ef/Cuadros_Info._Nutricional_Ar_ndano_Ury-ef6632c6.jpeg","mujer\arandano-ury\05_Cuadros_Info._Nutricional_Ar_ndano_Ury-ef6632c6.jpeg"
"mujer","isoflavonas","https://www.guiavitaminway.com.ar/mujer/isoflavonas","https://www.guiavitaminway.com.ar/templates/yootheme/cache/2d/Cuadros_Info._Nutricional_Isoflavonas-2d4785ae.jpeg","mujer\isoflavonas\01_Cuadros_Info._Nutricional_Isoflavonas-2d4785ae.jpeg"
"mujer","isoflavonas","https://www.guiavitaminway.com.ar/mujer/isoflavonas","https://www.guiavitaminway.com.ar/templates/yootheme/cache/b2/isoflavonas_pack_nuevo-b24605fa.jpeg","mujer\isoflavonas\02_isoflavonas_pack_nuevo-b24605fa.jpeg"
"mujer","isoflavonas","https://www.guiavitaminway.com.ar/mujer/isoflavonas","https://www.guiavitaminway.com.ar/templates/yootheme/cache/b6/isoflavonas_pack_nuevo-b6fc883c.jpeg","mujer\isoflavonas\03_isoflavonas_pack_nuevo-b6fc883c.jpeg"
"mujer","isoflavonas","https://www.guiavitaminway.com.ar/mujer/isoflavonas","https://www.guiavitaminway.com.ar/templates/yootheme/cache/b7/foto_isoflavona-b7b451b1.jpeg","mujer\isoflavonas\04_foto_isoflavona-b7b451b1.jpeg"
"mujer","isoflavonas","https://www.guiavitaminway.com.ar/mujer/isoflavonas","https://www.guiavitaminway.com.ar/templates/yootheme/cache/d3/foto_isoflavona-d345135d.jpeg","mujer\isoflavonas\05_foto_isoflavona-d345135d.jpeg"
"nutricosmetica","acido-hialuronico","https://www.guiavitaminway.com.ar/nutricosmetica/acido-hialuronico","https://www.guiavitaminway.com.ar/templates/yootheme/cache/03/foto_acido_hialuronico-0327e525.jpeg","nutricosmetica\acido-hialuronico\01_foto_acido_hialuronico-0327e525.jpeg"
"nutricosmetica","acido-hialuronico","https://www.guiavitaminway.com.ar/nutricosmetica/acido-hialuronico","https://www.guiavitaminway.com.ar/templates/yootheme/cache/56/acido_hialuronico_packs_vitaminway-569daef1.png","nutricosmetica\acido-hialuronico\02_acido_hialuronico_packs_vitaminway-569daef1.png"
"nutricosmetica","acido-hialuronico","https://www.guiavitaminway.com.ar/nutricosmetica/acido-hialuronico","https://www.guiavitaminway.com.ar/templates/yootheme/cache/77/foto_acido_hialuronico-77d2e1ff.jpeg","nutricosmetica\acido-hialuronico\03_foto_acido_hialuronico-77d2e1ff.jpeg"
"nutricosmetica","acido-hialuronico","https://www.guiavitaminway.com.ar/nutricosmetica/acido-hialuronico","https://www.guiavitaminway.com.ar/templates/yootheme/cache/80/Cuadros_Info._Nutricional__cido_Hialur_nico__cido_Hialur_nico_1-80f74877.jpeg","nutricosmetica\acido-hialuronico\04_Cuadros_Info._Nutricional_cido_Hialur_nico_cido_Hialur_nico_1-80f74877.jpeg"
"nutricosmetica","acido-hialuronico","https://www.guiavitaminway.com.ar/nutricosmetica/acido-hialuronico","https://www.guiavitaminway.com.ar/templates/yootheme/cache/8a/acido_hialuronico_packs_vitaminway-8a2f8006.png","nutricosmetica\acido-hialuronico\05_acido_hialuronico_packs_vitaminway-8a2f8006.png"
"nutricosmetica","bronsol","https://www.guiavitaminway.com.ar/nutricosmetica/bronsol","https://www.guiavitaminway.com.ar/templates/yootheme/cache/23/foto_bronsol-23206b6e.jpeg","nutricosmetica\bronsol\01_foto_bronsol-23206b6e.jpeg"
"nutricosmetica","bronsol","https://www.guiavitaminway.com.ar/nutricosmetica/bronsol","https://www.guiavitaminway.com.ar/templates/yootheme/cache/42/bronsol_packs_vitaminway-4229bcfe.png","nutricosmetica\bronsol\02_bronsol_packs_vitaminway-4229bcfe.png"
"nutricosmetica","bronsol","https://www.guiavitaminway.com.ar/nutricosmetica/bronsol","https://www.guiavitaminway.com.ar/templates/yootheme/cache/67/foto_bronsol-676194e9.jpeg","nutricosmetica\bronsol\03_foto_bronsol-676194e9.jpeg"
"nutricosmetica","bronsol","https://www.guiavitaminway.com.ar/nutricosmetica/bronsol","https://www.guiavitaminway.com.ar/templates/yootheme/cache/7e/bronsol_packs_vitaminway-7e64275d.png","nutricosmetica\bronsol\04_bronsol_packs_vitaminway-7e64275d.png"
"nutricosmetica","bronsol","https://www.guiavitaminway.com.ar/nutricosmetica/bronsol","https://www.guiavitaminway.com.ar/templates/yootheme/cache/b0/cuado_bronsol-b0e53f29.jpeg","nutricosmetica\bronsol\05_cuado_bronsol-b0e53f29.jpeg"
"nutricosmetica","cabello-piel-y-unas","https://www.guiavitaminway.com.ar/nutricosmetica/cabello-piel-y-unas","https://www.guiavitaminway.com.ar/templates/yootheme/cache/58/Cuadros_Info._Nutricional_Cabello_piel_y_u_as-58b52339.jpeg","nutricosmetica\cabello-piel-y-unas\01_Cuadros_Info._Nutricional_Cabello_piel_y_u_as-58b52339.jpeg"
"nutricosmetica","cabello-piel-y-unas","https://www.guiavitaminway.com.ar/nutricosmetica/cabello-piel-y-unas","https://www.guiavitaminway.com.ar/templates/yootheme/cache/cb/cabello_piel_unas_packs_vitaminway-cb2c94f3.png","nutricosmetica\cabello-piel-y-unas\02_cabello_piel_unas_packs_vitaminway-cb2c94f3.png"
"nutricosmetica","cabello-piel-y-unas","https://www.guiavitaminway.com.ar/nutricosmetica/cabello-piel-y-unas","https://www.guiavitaminway.com.ar/templates/yootheme/cache/cf/foto_cabello_piel_unas-cf86a696.jpeg","nutricosmetica\cabello-piel-y-unas\03_foto_cabello_piel_unas-cf86a696.jpeg"
"nutricosmetica","cabello-piel-y-unas","https://www.guiavitaminway.com.ar/nutricosmetica/cabello-piel-y-unas","https://www.guiavitaminway.com.ar/templates/yootheme/cache/d2/foto_cabello_piel_unas-d2214358.jpeg","nutricosmetica\cabello-piel-y-unas\04_foto_cabello_piel_unas-d2214358.jpeg"
"nutricosmetica","cabello-piel-y-unas","https://www.guiavitaminway.com.ar/nutricosmetica/cabello-piel-y-unas","https://www.guiavitaminway.com.ar/templates/yootheme/cache/fb/cabello_piel_unas_packs_vitaminway-fb64f1e4.png","nutricosmetica\cabello-piel-y-unas\05_cabello_piel_unas_packs_vitaminway-fb64f1e4.png"
"nutricosmetica","cabello-piel-y-unas-probioticos","https://www.guiavitaminway.com.ar/nutricosmetica/cabello-piel-y-unas-probioticos","https://www.guiavitaminway.com.ar/templates/yootheme/cache/0f/cabello_piel_unas_probioticos_imagen-0fdac8bf.jpeg","nutricosmetica\cabello-piel-y-unas-probioticos\01_cabello_piel_unas_probioticos_imagen-0fdac8bf.jpeg"
"nutricosmetica","cabello-piel-y-unas-probioticos","https://www.guiavitaminway.com.ar/nutricosmetica/cabello-piel-y-unas-probioticos","https://www.guiavitaminway.com.ar/templates/yootheme/cache/31/cabello_piel_unas_probioticos_pack-31ec42fc.png","nutricosmetica\cabello-piel-y-unas-probioticos\02_cabello_piel_unas_probioticos_pack-31ec42fc.png"
"nutricosmetica","cabello-piel-y-unas-probioticos","https://www.guiavitaminway.com.ar/nutricosmetica/cabello-piel-y-unas-probioticos","https://www.guiavitaminway.com.ar/templates/yootheme/cache/48/cabello_piel_unas_probioticos_cuadro-48dce50c.jpeg","nutricosmetica\cabello-piel-y-unas-probioticos\03_cabello_piel_unas_probioticos_cuadro-48dce50c.jpeg"
"nutricosmetica","cabello-piel-y-unas-probioticos","https://www.guiavitaminway.com.ar/nutricosmetica/cabello-piel-y-unas-probioticos","https://www.guiavitaminway.com.ar/templates/yootheme/cache/6c/cabello_piel_unas_probioticos_pack-6c931813.png","nutricosmetica\cabello-piel-y-unas-probioticos\04_cabello_piel_unas_probioticos_pack-6c931813.png"
"nutricosmetica","cabello-piel-y-unas-probioticos","https://www.guiavitaminway.com.ar/nutricosmetica/cabello-piel-y-unas-probioticos","https://www.guiavitaminway.com.ar/templates/yootheme/cache/a2/cabello_piel_unas_probioticos_imagen-a2dacc59.jpeg","nutricosmetica\cabello-piel-y-unas-probioticos\05_cabello_piel_unas_probioticos_imagen-a2dacc59.jpeg"
"nutricosmetica","coenzima-q10","https://www.guiavitaminway.com.ar/nutricosmetica/coenzima-q10","https://www.guiavitaminway.com.ar/templates/yootheme/cache/0b/foto_coenzimaq10-0ba2bd51.jpeg","nutricosmetica\coenzima-q10\01_foto_coenzimaq10-0ba2bd51.jpeg"
"nutricosmetica","coenzima-q10","https://www.guiavitaminway.com.ar/nutricosmetica/coenzima-q10","https://www.guiavitaminway.com.ar/templates/yootheme/cache/38/coenzima_q10_packs_vitaminway-38a38666.png","nutricosmetica\coenzima-q10\02_coenzima_q10_packs_vitaminway-38a38666.png"
"nutricosmetica","coenzima-q10","https://www.guiavitaminway.com.ar/nutricosmetica/coenzima-q10","https://www.guiavitaminway.com.ar/templates/yootheme/cache/58/Cuadros_Info._Nutricional_Cabello_piel_y_u_as-58b52339.jpeg","nutricosmetica\coenzima-q10\03_Cuadros_Info._Nutricional_Cabello_piel_y_u_as-58b52339.jpeg"
"nutricosmetica","coenzima-q10","https://www.guiavitaminway.com.ar/nutricosmetica/coenzima-q10","https://www.guiavitaminway.com.ar/templates/yootheme/cache/d4/coenzima_q10_packs_vitaminway-d476a866.png","nutricosmetica\coenzima-q10\04_coenzima_q10_packs_vitaminway-d476a866.png"
"nutricosmetica","coenzima-q10","https://www.guiavitaminway.com.ar/nutricosmetica/coenzima-q10","https://www.guiavitaminway.com.ar/templates/yootheme/cache/da/foto_coenzimaq10-da39feba.jpeg","nutricosmetica\coenzima-q10\05_foto_coenzimaq10-da39feba.jpeg"
"nutricosmetica","colageno-beauty","https://www.guiavitaminway.com.ar/nutricosmetica/colageno-beauty","https://www.guiavitaminway.com.ar/images/vitaminway_guia/como_se_usa/PREPARACION_COLAGENO_BEAUTY_X_360_GRAMOS.jpg","nutricosmetica\colageno-beauty\01_PREPARACION_COLAGENO_BEAUTY_X_360_GRAMOS.jpg"
"nutricosmetica","colageno-beauty","https://www.guiavitaminway.com.ar/nutricosmetica/colageno-beauty","https://www.guiavitaminway.com.ar/templates/yootheme/cache/3f/imagen_colageno_beauty-3f228206.jpeg","nutricosmetica\colageno-beauty\02_imagen_colageno_beauty-3f228206.jpeg"
"nutricosmetica","colageno-beauty","https://www.guiavitaminway.com.ar/nutricosmetica/colageno-beauty","https://www.guiavitaminway.com.ar/templates/yootheme/cache/52/imagen_colageno_beauty-52da6df6.jpeg","nutricosmetica\colageno-beauty\03_imagen_colageno_beauty-52da6df6.jpeg"
"nutricosmetica","colageno-beauty","https://www.guiavitaminway.com.ar/nutricosmetica/colageno-beauty","https://www.guiavitaminway.com.ar/templates/yootheme/cache/9d/colageno_beuty-9d7a0fec.png","nutricosmetica\colageno-beauty\04_colageno_beuty-9d7a0fec.png"
"nutricosmetica","colageno-beauty","https://www.guiavitaminway.com.ar/nutricosmetica/colageno-beauty","https://www.guiavitaminway.com.ar/templates/yootheme/cache/f4/colageno_beuty-f43ee705.png","nutricosmetica\colageno-beauty\05_colageno_beuty-f43ee705.png"
"nutricosmetica","colageno-beauty","https://www.guiavitaminway.com.ar/nutricosmetica/colageno-beauty","https://www.guiavitaminway.com.ar/templates/yootheme/cache/f6/colageno_beauty_360_cuadro-f6cc618e.jpeg","nutricosmetica\colageno-beauty\06_colageno_beauty_360_cuadro-f6cc618e.jpeg"
"nutricosmetica","colageno-beauty-flex","https://www.guiavitaminway.com.ar/nutricosmetica/colageno-beauty-flex","https://www.guiavitaminway.com.ar/images/vitaminway_guia/como_se_usa/PREPARACION_COLAGENO_BEAUTY_FLEX.jpg","nutricosmetica\colageno-beauty-flex\01_PREPARACION_COLAGENO_BEAUTY_FLEX.jpg"
"nutricosmetica","colageno-beauty-flex","https://www.guiavitaminway.com.ar/nutricosmetica/colageno-beauty-flex","https://www.guiavitaminway.com.ar/templates/yootheme/cache/32/imagen_colageno_beauty_flex-3214000d.jpeg","nutricosmetica\colageno-beauty-flex\02_imagen_colageno_beauty_flex-3214000d.jpeg"
"nutricosmetica","colageno-beauty-flex","https://www.guiavitaminway.com.ar/nutricosmetica/colageno-beauty-flex","https://www.guiavitaminway.com.ar/templates/yootheme/cache/38/colageno_beuty_flex-3847c150.png","nutricosmetica\colageno-beauty-flex\03_colageno_beuty_flex-3847c150.png"
"nutricosmetica","colageno-beauty-flex","https://www.guiavitaminway.com.ar/nutricosmetica/colageno-beauty-flex","https://www.guiavitaminway.com.ar/templates/yootheme/cache/5c/imagen_colageno_beauty_flex-5c17e7ba.jpeg","nutricosmetica\colageno-beauty-flex\04_imagen_colageno_beauty_flex-5c17e7ba.jpeg"
"nutricosmetica","colageno-beauty-flex","https://www.guiavitaminway.com.ar/nutricosmetica/colageno-beauty-flex","https://www.guiavitaminway.com.ar/templates/yootheme/cache/7a/colageno_beauty_flex_360_cuadro-7af9b62f.jpeg","nutricosmetica\colageno-beauty-flex\05_colageno_beauty_flex_360_cuadro-7af9b62f.jpeg"
"nutricosmetica","colageno-beauty-flex","https://www.guiavitaminway.com.ar/nutricosmetica/colageno-beauty-flex","https://www.guiavitaminway.com.ar/templates/yootheme/cache/98/colageno_beuty_flex-98fb20a0.png","nutricosmetica\colageno-beauty-flex\06_colageno_beuty_flex-98fb20a0.png"
"nutricosmetica","colageno-calcio","https://www.guiavitaminway.com.ar/nutricosmetica/colageno-calcio","https://www.guiavitaminway.com.ar/templates/yootheme/cache/0e/foto_colageno_calcio-0ef93c71.jpeg","nutricosmetica\colageno-calcio\01_foto_colageno_calcio-0ef93c71.jpeg"
"nutricosmetica","colageno-calcio","https://www.guiavitaminway.com.ar/nutricosmetica/colageno-calcio","https://www.guiavitaminway.com.ar/templates/yootheme/cache/3d/colageno_calcio_packs_vitaminway-3db616ac.png","nutricosmetica\colageno-calcio\02_colageno_calcio_packs_vitaminway-3db616ac.png"
"nutricosmetica","colageno-calcio","https://www.guiavitaminway.com.ar/nutricosmetica/colageno-calcio","https://www.guiavitaminway.com.ar/templates/yootheme/cache/8f/Cuadros_Info._Nutricional_Col_geno_Calcio_1-8fbc70cb.jpeg","nutricosmetica\colageno-calcio\03_Cuadros_Info._Nutricional_Col_geno_Calcio_1-8fbc70cb.jpeg"
"nutricosmetica","colageno-calcio","https://www.guiavitaminway.com.ar/nutricosmetica/colageno-calcio","https://www.guiavitaminway.com.ar/templates/yootheme/cache/b4/colageno_calcio_packs_vitaminway-b4f26339.png","nutricosmetica\colageno-calcio\04_colageno_calcio_packs_vitaminway-b4f26339.png"
"nutricosmetica","colageno-calcio","https://www.guiavitaminway.com.ar/nutricosmetica/colageno-calcio","https://www.guiavitaminway.com.ar/templates/yootheme/cache/f9/foto_colageno_calcio-f9db9a85.jpeg","nutricosmetica\colageno-calcio\05_foto_colageno_calcio-f9db9a85.jpeg"
"nutricosmetica","colageno-facial","https://www.guiavitaminway.com.ar/nutricosmetica/colageno-facial","https://www.guiavitaminway.com.ar/templates/yootheme/cache/30/colageno_facial_packs_vitaminway-301dbef7.png","nutricosmetica\colageno-facial\01_colageno_facial_packs_vitaminway-301dbef7.png"
"nutricosmetica","colageno-facial","https://www.guiavitaminway.com.ar/nutricosmetica/colageno-facial","https://www.guiavitaminway.com.ar/templates/yootheme/cache/6c/foto_colageno_facial-6cc8f1fb.jpeg","nutricosmetica\colageno-facial\02_foto_colageno_facial-6cc8f1fb.jpeg"
"nutricosmetica","colageno-facial","https://www.guiavitaminway.com.ar/nutricosmetica/colageno-facial","https://www.guiavitaminway.com.ar/templates/yootheme/cache/76/Cuadros_Info._Nutricional_Col_geno_Facial-76e19116.jpeg","nutricosmetica\colageno-facial\03_Cuadros_Info._Nutricional_Col_geno_Facial-76e19116.jpeg"
"nutricosmetica","colageno-facial","https://www.guiavitaminway.com.ar/nutricosmetica/colageno-facial","https://www.guiavitaminway.com.ar/templates/yootheme/cache/76/foto_colageno_facial-76571352.jpeg","nutricosmetica\colageno-facial\04_foto_colageno_facial-76571352.jpeg"
"nutricosmetica","colageno-facial","https://www.guiavitaminway.com.ar/nutricosmetica/colageno-facial","https://www.guiavitaminway.com.ar/templates/yootheme/cache/f8/colageno_facial_packs_vitaminway-f87f2538.png","nutricosmetica\colageno-facial\05_colageno_facial_packs_vitaminway-f87f2538.png"
"nutricosmetica","colageno-hialuronico","https://www.guiavitaminway.com.ar/nutricosmetica/colageno-hialuronico","https://www.guiavitaminway.com.ar/templates/yootheme/cache/11/Inf._Nutricional_Col_geno_Hialur_nico-113da052.jpeg","nutricosmetica\colageno-hialuronico\01_Inf._Nutricional_Col_geno_Hialur_nico-113da052.jpeg"
"nutricosmetica","colageno-hialuronico","https://www.guiavitaminway.com.ar/nutricosmetica/colageno-hialuronico","https://www.guiavitaminway.com.ar/templates/yootheme/cache/57/foto_colageno_hialuronico-575b1531.jpeg","nutricosmetica\colageno-hialuronico\02_foto_colageno_hialuronico-575b1531.jpeg"
"nutricosmetica","colageno-hialuronico","https://www.guiavitaminway.com.ar/nutricosmetica/colageno-hialuronico","https://www.guiavitaminway.com.ar/templates/yootheme/cache/75/foto_colageno_hialuronico-753c179a.jpeg","nutricosmetica\colageno-hialuronico\03_foto_colageno_hialuronico-753c179a.jpeg"
"nutricosmetica","colageno-hialuronico","https://www.guiavitaminway.com.ar/nutricosmetica/colageno-hialuronico","https://www.guiavitaminway.com.ar/templates/yootheme/cache/9b/colageno_hialuronico_packs_vitaminway-9b0ee112.png","nutricosmetica\colageno-hialuronico\04_colageno_hialuronico_packs_vitaminway-9b0ee112.png"
"nutricosmetica","colageno-hialuronico","https://www.guiavitaminway.com.ar/nutricosmetica/colageno-hialuronico","https://www.guiavitaminway.com.ar/templates/yootheme/cache/fb/colageno_hialuronico_packs_vitaminway-fb7a4bf2.png","nutricosmetica\colageno-hialuronico\05_colageno_hialuronico_packs_vitaminway-fb7a4bf2.png"
"nutricosmetica","colageno-hidroalizado","https://www.guiavitaminway.com.ar/nutricosmetica/colageno-hidroalizado","https://www.guiavitaminway.com.ar/templates/yootheme/cache/20/colageno_hidroalizado_packs_vitaminway-2092976e.png","nutricosmetica\colageno-hidroalizado\01_colageno_hidroalizado_packs_vitaminway-2092976e.png"
"nutricosmetica","colageno-hidroalizado","https://www.guiavitaminway.com.ar/nutricosmetica/colageno-hidroalizado","https://www.guiavitaminway.com.ar/templates/yootheme/cache/a6/Colageno%20Hidrolizado-a602055d.png","nutricosmetica\colageno-hidroalizado\02_Colageno_Hidrolizado-a602055d.png"
"nutricosmetica","colageno-hidroalizado","https://www.guiavitaminway.com.ar/nutricosmetica/colageno-hidroalizado","https://www.guiavitaminway.com.ar/templates/yootheme/cache/b0/foto_colageno_hidroalizado-b00a727f.jpeg","nutricosmetica\colageno-hidroalizado\03_foto_colageno_hidroalizado-b00a727f.jpeg"
"nutricosmetica","colageno-hidroalizado","https://www.guiavitaminway.com.ar/nutricosmetica/colageno-hidroalizado","https://www.guiavitaminway.com.ar/templates/yootheme/cache/d9/colageno_hidroalizado_packs_vitaminway-d9198e86.png","nutricosmetica\colageno-hidroalizado\04_colageno_hidroalizado_packs_vitaminway-d9198e86.png"
"nutricosmetica","colageno-hidroalizado","https://www.guiavitaminway.com.ar/nutricosmetica/colageno-hidroalizado","https://www.guiavitaminway.com.ar/templates/yootheme/cache/e7/foto_colageno_hidroalizado-e794f1ad.jpeg","nutricosmetica\colageno-hidroalizado\05_foto_colageno_hidroalizado-e794f1ad.jpeg"
"nutricosmetica","hairrepairmax","https://www.guiavitaminway.com.ar/nutricosmetica/hairrepairmax","https://www.guiavitaminway.com.ar/templates/yootheme/cache/07/hair_repair_max_packs_vitaminway-07bf27f7.png","nutricosmetica\hairrepairmax\01_hair_repair_max_packs_vitaminway-07bf27f7.png"
"nutricosmetica","hairrepairmax","https://www.guiavitaminway.com.ar/nutricosmetica/hairrepairmax","https://www.guiavitaminway.com.ar/templates/yootheme/cache/24/hair_repair_max_packs_vitaminway-241d942e.png","nutricosmetica\hairrepairmax\02_hair_repair_max_packs_vitaminway-241d942e.png"
"nutricosmetica","hairrepairmax","https://www.guiavitaminway.com.ar/nutricosmetica/hairrepairmax","https://www.guiavitaminway.com.ar/templates/yootheme/cache/63/Inf_Nutricional_Hair_Repair_MAX-63861d95.jpeg","nutricosmetica\hairrepairmax\03_Inf_Nutricional_Hair_Repair_MAX-63861d95.jpeg"
"nutricosmetica","hairrepairmax","https://www.guiavitaminway.com.ar/nutricosmetica/hairrepairmax","https://www.guiavitaminway.com.ar/templates/yootheme/cache/6b/foto_hairrepairmax-6ba19dc4.jpeg","nutricosmetica\hairrepairmax\04_foto_hairrepairmax-6ba19dc4.jpeg"
"nutricosmetica","hairrepairmax","https://www.guiavitaminway.com.ar/nutricosmetica/hairrepairmax","https://www.guiavitaminway.com.ar/templates/yootheme/cache/d9/foto_hairrepairmax-d9d94a4a.jpeg","nutricosmetica\hairrepairmax\05_foto_hairrepairmax-d9d94a4a.jpeg"
"nutricosmetica","hialuronico-anti-arrugas","https://www.guiavitaminway.com.ar/nutricosmetica/hialuronico-anti-arrugas","https://www.guiavitaminway.com.ar/templates/yootheme/cache/1e/hialuronico_anti_arrugas_cuadro-1e6fa781.jpeg","nutricosmetica\hialuronico-anti-arrugas\01_hialuronico_anti_arrugas_cuadro-1e6fa781.jpeg"
"nutricosmetica","hialuronico-anti-arrugas","https://www.guiavitaminway.com.ar/nutricosmetica/hialuronico-anti-arrugas","https://www.guiavitaminway.com.ar/templates/yootheme/cache/35/hialuronico_antiarrugas_packs_vitaminway-35e121f9.png","nutricosmetica\hialuronico-anti-arrugas\02_hialuronico_antiarrugas_packs_vitaminway-35e121f9.png"
"nutricosmetica","hialuronico-anti-arrugas","https://www.guiavitaminway.com.ar/nutricosmetica/hialuronico-anti-arrugas","https://www.guiavitaminway.com.ar/templates/yootheme/cache/36/hialuronico_antiarrugas_packs_vitaminway-364c4c89.png","nutricosmetica\hialuronico-anti-arrugas\03_hialuronico_antiarrugas_packs_vitaminway-364c4c89.png"
"nutricosmetica","hialuronico-anti-arrugas","https://www.guiavitaminway.com.ar/nutricosmetica/hialuronico-anti-arrugas","https://www.guiavitaminway.com.ar/templates/yootheme/cache/65/foto_hialuronico_antiarrugas-655f6e55.jpeg","nutricosmetica\hialuronico-anti-arrugas\04_foto_hialuronico_antiarrugas-655f6e55.jpeg"
"nutricosmetica","hialuronico-anti-arrugas","https://www.guiavitaminway.com.ar/nutricosmetica/hialuronico-anti-arrugas","https://www.guiavitaminway.com.ar/templates/yootheme/cache/d7/foto_hialuronico_antiarrugas-d78459bf.jpeg","nutricosmetica\hialuronico-anti-arrugas\05_foto_hialuronico_antiarrugas-d78459bf.jpeg"
"nutricosmetica","minerales-quelatados","https://www.guiavitaminway.com.ar/nutricosmetica/minerales-quelatados","https://www.guiavitaminway.com.ar/templates/yootheme/cache/13/minerales_quelatados_foto-131e4236.jpeg","nutricosmetica\minerales-quelatados\01_minerales_quelatados_foto-131e4236.jpeg"
"nutricosmetica","minerales-quelatados","https://www.guiavitaminway.com.ar/nutricosmetica/minerales-quelatados","https://www.guiavitaminway.com.ar/templates/yootheme/cache/3e/minerales_quelatadas_cuadro-3ea7a3e0.jpeg","nutricosmetica\minerales-quelatados\02_minerales_quelatadas_cuadro-3ea7a3e0.jpeg"
"nutricosmetica","minerales-quelatados","https://www.guiavitaminway.com.ar/nutricosmetica/minerales-quelatados","https://www.guiavitaminway.com.ar/templates/yootheme/cache/3e/minerales_quelatados_packs_vitaminway-3edca242.png","nutricosmetica\minerales-quelatados\03_minerales_quelatados_packs_vitaminway-3edca242.png"
"nutricosmetica","minerales-quelatados","https://www.guiavitaminway.com.ar/nutricosmetica/minerales-quelatados","https://www.guiavitaminway.com.ar/templates/yootheme/cache/a8/minerales_quelatados_packs_vitaminway-a8ef20d4.png","nutricosmetica\minerales-quelatados\04_minerales_quelatados_packs_vitaminway-a8ef20d4.png"
"nutricosmetica","minerales-quelatados","https://www.guiavitaminway.com.ar/nutricosmetica/minerales-quelatados","https://www.guiavitaminway.com.ar/templates/yootheme/cache/e7/minerales_quelatados_foto-e7303bd1.jpeg","nutricosmetica\minerales-quelatados\05_minerales_quelatados_foto-e7303bd1.jpeg"
"nutricosmetica","nad","https://www.guiavitaminway.com.ar/nutricosmetica/nad","https://www.guiavitaminway.com.ar/templates/yootheme/cache/2c/informacion%20nutricional%20NAD%20-2cf9e0aa.png","nutricosmetica\nad\01_informacion_nutricional_NAD_-2cf9e0aa.png"
"nutricosmetica","nad","https://www.guiavitaminway.com.ar/nutricosmetica/nad","https://www.guiavitaminway.com.ar/templates/yootheme/cache/45/pack_nad_web-4522a42d.png","nutricosmetica\nad\02_pack_nad_web-4522a42d.png"
"nutricosmetica","nad","https://www.guiavitaminway.com.ar/nutricosmetica/nad","https://www.guiavitaminway.com.ar/templates/yootheme/cache/a9/pack_nad_web-a98ca750.png","nutricosmetica\nad\03_pack_nad_web-a98ca750.png"
"nutricosmetica","nad","https://www.guiavitaminway.com.ar/nutricosmetica/nad","https://www.guiavitaminway.com.ar/templates/yootheme/cache/be/foto_nad_web-bee81efa.jpeg","nutricosmetica\nad\04_foto_nad_web-bee81efa.jpeg"
"nutricosmetica","nad","https://www.guiavitaminway.com.ar/nutricosmetica/nad","https://www.guiavitaminway.com.ar/templates/yootheme/cache/e2/foto_nad_web-e2dbf5df.jpeg","nutricosmetica\nad\05_foto_nad_web-e2dbf5df.jpeg"
"proteina","proteina-vegetal-de-arveja","https://www.guiavitaminway.com.ar/proteina/proteina-vegetal-de-arveja","https://www.guiavitaminway.com.ar/images/vitaminway_guia/como_se_usa/Preparaci_n_Prot._Vegetal.jpg","proteina\proteina-vegetal-de-arveja\01_Preparaci_n_Prot._Vegetal.jpg"
"proteina","proteina-vegetal-de-arveja","https://www.guiavitaminway.com.ar/proteina/proteina-vegetal-de-arveja","https://www.guiavitaminway.com.ar/templates/yootheme/cache/1b/foto_proteinas-1baae840.jpeg","proteina\proteina-vegetal-de-arveja\02_foto_proteinas-1baae840.jpeg"
"proteina","proteina-vegetal-de-arveja","https://www.guiavitaminway.com.ar/proteina/proteina-vegetal-de-arveja","https://www.guiavitaminway.com.ar/templates/yootheme/cache/30/Inf._Nutricional_Prot._vegeta_-30d3f19e.jpeg","proteina\proteina-vegetal-de-arveja\03_Inf._Nutricional_Prot._vegeta_-30d3f19e.jpeg"
"proteina","proteina-vegetal-de-arveja","https://www.guiavitaminway.com.ar/proteina/proteina-vegetal-de-arveja","https://www.guiavitaminway.com.ar/templates/yootheme/cache/9a/proteina_vegetal_de_arvejas-9aba0219.png","proteina\proteina-vegetal-de-arveja\04_proteina_vegetal_de_arvejas-9aba0219.png"
"proteina","proteina-vegetal-de-arveja","https://www.guiavitaminway.com.ar/proteina/proteina-vegetal-de-arveja","https://www.guiavitaminway.com.ar/templates/yootheme/cache/cf/proteina_vegetal_de_arvejas-cf60528b.png","proteina\proteina-vegetal-de-arveja\05_proteina_vegetal_de_arvejas-cf60528b.png"
"proteina","proteina-vegetal-de-arveja","https://www.guiavitaminway.com.ar/proteina/proteina-vegetal-de-arveja","https://www.guiavitaminway.com.ar/templates/yootheme/cache/f6/foto_proteinas-f60978f2.jpeg","proteina\proteina-vegetal-de-arveja\06_foto_proteinas-f60978f2.jpeg"
"sport-fitness","bcaa-2-1-1","https://www.guiavitaminway.com.ar/sport-fitness/bcaa-2-1-1","https://www.guiavitaminway.com.ar/templates/yootheme/cache/21/guia_vitaminway_sport_BCAA_2025-218a68d3.png","sport-fitness\bcaa-2-1-1\01_guia_vitaminway_sport_BCAA_2025-218a68d3.png"
"sport-fitness","bcaa-2-1-1","https://www.guiavitaminway.com.ar/sport-fitness/bcaa-2-1-1","https://www.guiavitaminway.com.ar/templates/yootheme/cache/78/SUPLEMENTOS_BCAA_Tabla-78b765d3.jpeg","sport-fitness\bcaa-2-1-1\02_SUPLEMENTOS_BCAA_Tabla-78b765d3.jpeg"
"sport-fitness","bcaa-2-1-1","https://www.guiavitaminway.com.ar/sport-fitness/bcaa-2-1-1","https://www.guiavitaminway.com.ar/templates/yootheme/cache/81/imagen_bcaa_211-818942cb.jpeg","sport-fitness\bcaa-2-1-1\03_imagen_bcaa_211-818942cb.jpeg"
"sport-fitness","bcaa-2-1-1","https://www.guiavitaminway.com.ar/sport-fitness/bcaa-2-1-1","https://www.guiavitaminway.com.ar/templates/yootheme/cache/83/guia_vitaminway_sport_BCAA_2025-8338883a.png","sport-fitness\bcaa-2-1-1\04_guia_vitaminway_sport_BCAA_2025-8338883a.png"
"sport-fitness","bcaa-2-1-1","https://www.guiavitaminway.com.ar/sport-fitness/bcaa-2-1-1","https://www.guiavitaminway.com.ar/templates/yootheme/cache/ca/imagen_bcaa_211-ca84cb42.jpeg","sport-fitness\bcaa-2-1-1\05_imagen_bcaa_211-ca84cb42.jpeg"
"sport-fitness","brutal-mass","https://www.guiavitaminway.com.ar/sport-fitness/brutal-mass","https://www.guiavitaminway.com.ar/templates/yootheme/cache/04/guia_vitaminway_sport_brutal_mass_x2-04503095.png","sport-fitness\brutal-mass\01_guia_vitaminway_sport_brutal_mass_x2-04503095.png"
"sport-fitness","brutal-mass","https://www.guiavitaminway.com.ar/sport-fitness/brutal-mass","https://www.guiavitaminway.com.ar/templates/yootheme/cache/62/PROTEINAS_BRUTAL_COOKIE_Tabla%20-6231fc4e.jpeg","sport-fitness\brutal-mass\02_PROTEINAS_BRUTAL_COOKIE_Tabla_-6231fc4e.jpeg"
"sport-fitness","brutal-mass","https://www.guiavitaminway.com.ar/sport-fitness/brutal-mass","https://www.guiavitaminway.com.ar/templates/yootheme/cache/6b/PROTEINAS_BRUTAL_COOKIE-6b5749cb.jpeg","sport-fitness\brutal-mass\03_PROTEINAS_BRUTAL_COOKIE-6b5749cb.jpeg"
"sport-fitness","brutal-mass","https://www.guiavitaminway.com.ar/sport-fitness/brutal-mass","https://www.guiavitaminway.com.ar/templates/yootheme/cache/95/imagen_brutal_mass-955ed4e9.jpeg","sport-fitness\brutal-mass\04_imagen_brutal_mass-955ed4e9.jpeg"
"sport-fitness","brutal-mass","https://www.guiavitaminway.com.ar/sport-fitness/brutal-mass","https://www.guiavitaminway.com.ar/templates/yootheme/cache/b3/guia_vitaminway_sport_brutal_mass_x2-b3570e42.png","sport-fitness\brutal-mass\05_guia_vitaminway_sport_brutal_mass_x2-b3570e42.png"
"sport-fitness","brutal-mass","https://www.guiavitaminway.com.ar/sport-fitness/brutal-mass","https://www.guiavitaminway.com.ar/templates/yootheme/cache/c2/imagen_brutal_mass-c2da9c41.jpeg","sport-fitness\brutal-mass\06_imagen_brutal_mass-c2da9c41.jpeg"
"sport-fitness","brutal-mass","https://www.guiavitaminway.com.ar/sport-fitness/brutal-mass","https://www.guiavitaminway.com.ar/templates/yootheme/cache/ed/PROTEINAS_BRUTAL_CHOCO-ede2ae40.jpeg","sport-fitness\brutal-mass\07_PROTEINAS_BRUTAL_CHOCO-ede2ae40.jpeg"
"sport-fitness","brutal-mass","https://www.guiavitaminway.com.ar/sport-fitness/brutal-mass","https://www.guiavitaminway.com.ar/templates/yootheme/cache/f7/PROTEINAS_BRUTAL_CHOCO_Tabla%20-f78be127.jpeg","sport-fitness\brutal-mass\08_PROTEINAS_BRUTAL_CHOCO_Tabla_-f78be127.jpeg"
"sport-fitness","carnitine-1500-caffeine","https://www.guiavitaminway.com.ar/sport-fitness/carnitine-1500-caffeine","https://www.guiavitaminway.com.ar/templates/yootheme/cache/9e/SUPLEMENTOS_CARNITINE-1500_Tabla-9e158b32.jpeg","sport-fitness\carnitine-1500-caffeine\01_SUPLEMENTOS_CARNITINE-1500_Tabla-9e158b32.jpeg"
"sport-fitness","carnitine-1500-caffeine","https://www.guiavitaminway.com.ar/sport-fitness/carnitine-1500-caffeine","https://www.guiavitaminway.com.ar/templates/yootheme/cache/dd/imagen_carnitine_1500_caffeine-dd84e68b.jpeg","sport-fitness\carnitine-1500-caffeine\02_imagen_carnitine_1500_caffeine-dd84e68b.jpeg"
"sport-fitness","carnitine-1500-caffeine","https://www.guiavitaminway.com.ar/sport-fitness/carnitine-1500-caffeine","https://www.guiavitaminway.com.ar/templates/yootheme/cache/f5/imagen_carnitine_1500_caffeine-f5e52c59.jpeg","sport-fitness\carnitine-1500-caffeine\03_imagen_carnitine_1500_caffeine-f5e52c59.jpeg"
"sport-fitness","carnitine-1500-caffeine","https://www.guiavitaminway.com.ar/sport-fitness/carnitine-1500-caffeine","https://www.guiavitaminway.com.ar/templates/yootheme/cache/f9/guia_vitaminway_sport_carnitine_1500-f9765763.png","sport-fitness\carnitine-1500-caffeine\04_guia_vitaminway_sport_carnitine_1500-f9765763.png"
"sport-fitness","carnitine-1500-caffeine","https://www.guiavitaminway.com.ar/sport-fitness/carnitine-1500-caffeine","https://www.guiavitaminway.com.ar/templates/yootheme/cache/fe/guia_vitaminway_sport_carnitine_1500-fed7e689.png","sport-fitness\carnitine-1500-caffeine\05_guia_vitaminway_sport_carnitine_1500-fed7e689.png"
"sport-fitness","creatine-monohydrate","https://www.guiavitaminway.com.ar/sport-fitness/creatine-monohydrate","https://www.guiavitaminway.com.ar/templates/yootheme/cache/0f/guia_vitaminway_sport_creatine_x2-0f97f35c.png","sport-fitness\creatine-monohydrate\01_guia_vitaminway_sport_creatine_x2-0f97f35c.png"
"sport-fitness","creatine-monohydrate","https://www.guiavitaminway.com.ar/sport-fitness/creatine-monohydrate","https://www.guiavitaminway.com.ar/templates/yootheme/cache/14/SUPLEMENTOS_CREATINE_ORANGE_Tabla-14743192.jpeg","sport-fitness\creatine-monohydrate\02_SUPLEMENTOS_CREATINE_ORANGE_Tabla-14743192.jpeg"
"sport-fitness","creatine-monohydrate","https://www.guiavitaminway.com.ar/sport-fitness/creatine-monohydrate","https://www.guiavitaminway.com.ar/templates/yootheme/cache/94/SUPLEMENTOS_CREATINE_SIN-SABOR_Tabla-94501460.jpeg","sport-fitness\creatine-monohydrate\03_SUPLEMENTOS_CREATINE_SIN-SABOR_Tabla-94501460.jpeg"
"sport-fitness","creatine-monohydrate","https://www.guiavitaminway.com.ar/sport-fitness/creatine-monohydrate","https://www.guiavitaminway.com.ar/templates/yootheme/cache/96/SUPLEMENTOS_CREATINE_SIN-SABOR-9690114f.jpeg","sport-fitness\creatine-monohydrate\04_SUPLEMENTOS_CREATINE_SIN-SABOR-9690114f.jpeg"
"sport-fitness","creatine-monohydrate","https://www.guiavitaminway.com.ar/sport-fitness/creatine-monohydrate","https://www.guiavitaminway.com.ar/templates/yootheme/cache/97/imagen_creatine_monohydrate-9733e33e.jpeg","sport-fitness\creatine-monohydrate\05_imagen_creatine_monohydrate-9733e33e.jpeg"
"sport-fitness","creatine-monohydrate","https://www.guiavitaminway.com.ar/sport-fitness/creatine-monohydrate","https://www.guiavitaminway.com.ar/templates/yootheme/cache/c7/SUPLEMENTOS_CREATINE_ORANGE-c74f119a.jpeg","sport-fitness\creatine-monohydrate\06_SUPLEMENTOS_CREATINE_ORANGE-c74f119a.jpeg"
"sport-fitness","creatine-monohydrate","https://www.guiavitaminway.com.ar/sport-fitness/creatine-monohydrate","https://www.guiavitaminway.com.ar/templates/yootheme/cache/df/guia_vitaminway_sport_creatine_x2-dfd67cde.png","sport-fitness\creatine-monohydrate\07_guia_vitaminway_sport_creatine_x2-dfd67cde.png"
"sport-fitness","creatine-monohydrate","https://www.guiavitaminway.com.ar/sport-fitness/creatine-monohydrate","https://www.guiavitaminway.com.ar/templates/yootheme/cache/f7/imagen_creatine_monohydrate-f7fa2522.jpeg","sport-fitness\creatine-monohydrate\08_imagen_creatine_monohydrate-f7fa2522.jpeg"
"sport-fitness","daily-100-whey-protein","https://www.guiavitaminway.com.ar/sport-fitness/daily-100-whey-protein","https://www.guiavitaminway.com.ar/templates/yootheme/cache/1f/PROTEINAS_DAILY_CHOCO-1f48e76a.jpeg","sport-fitness\daily-100-whey-protein\01_PROTEINAS_DAILY_CHOCO-1f48e76a.jpeg"
"sport-fitness","daily-100-whey-protein","https://www.guiavitaminway.com.ar/sport-fitness/daily-100-whey-protein","https://www.guiavitaminway.com.ar/templates/yootheme/cache/2e/imagen_daily_100_whey_protein-2e374d42.jpeg","sport-fitness\daily-100-whey-protein\02_imagen_daily_100_whey_protein-2e374d42.jpeg"
"sport-fitness","daily-100-whey-protein","https://www.guiavitaminway.com.ar/sport-fitness/daily-100-whey-protein","https://www.guiavitaminway.com.ar/templates/yootheme/cache/3c/PROTEINAS_DAILY_COOKIE_Tabla%20-3c674bf8.jpeg","sport-fitness\daily-100-whey-protein\03_PROTEINAS_DAILY_COOKIE_Tabla_-3c674bf8.jpeg"
"sport-fitness","daily-100-whey-protein","https://www.guiavitaminway.com.ar/sport-fitness/daily-100-whey-protein","https://www.guiavitaminway.com.ar/templates/yootheme/cache/6a/imagen_daily_100_whey_protein-6aef9ce9.jpeg","sport-fitness\daily-100-whey-protein\04_imagen_daily_100_whey_protein-6aef9ce9.jpeg"
"sport-fitness","daily-100-whey-protein","https://www.guiavitaminway.com.ar/sport-fitness/daily-100-whey-protein","https://www.guiavitaminway.com.ar/templates/yootheme/cache/91/PROTEINAS_DAILY_CHOCO_Tabla%20-91cb3872.jpeg","sport-fitness\daily-100-whey-protein\05_PROTEINAS_DAILY_CHOCO_Tabla_-91cb3872.jpeg"
"sport-fitness","daily-100-whey-protein","https://www.guiavitaminway.com.ar/sport-fitness/daily-100-whey-protein","https://www.guiavitaminway.com.ar/templates/yootheme/cache/94/guia_vitaminway_sport_daily_whey_x2-945d9184.png","sport-fitness\daily-100-whey-protein\06_guia_vitaminway_sport_daily_whey_x2-945d9184.png"
"sport-fitness","daily-100-whey-protein","https://www.guiavitaminway.com.ar/sport-fitness/daily-100-whey-protein","https://www.guiavitaminway.com.ar/templates/yootheme/cache/a5/PROTEINAS_DAILY_COOKIE-a5da71e8.jpeg","sport-fitness\daily-100-whey-protein\07_PROTEINAS_DAILY_COOKIE-a5da71e8.jpeg"
"sport-fitness","daily-100-whey-protein","https://www.guiavitaminway.com.ar/sport-fitness/daily-100-whey-protein","https://www.guiavitaminway.com.ar/templates/yootheme/cache/b4/guia_vitaminway_sport_daily_whey_x2-b46331da.png","sport-fitness\daily-100-whey-protein\08_guia_vitaminway_sport_daily_whey_x2-b46331da.png"
"sport-fitness","glutamine","https://www.guiavitaminway.com.ar/sport-fitness/glutamine","https://www.guiavitaminway.com.ar/templates/yootheme/cache/1d/guia_vitaminway_sport_glutamine-1db6e966.png","sport-fitness\glutamine\01_guia_vitaminway_sport_glutamine-1db6e966.png"
"sport-fitness","glutamine","https://www.guiavitaminway.com.ar/sport-fitness/glutamine","https://www.guiavitaminway.com.ar/templates/yootheme/cache/22/imagen_glutamine-226bbc4e.jpeg","sport-fitness\glutamine\02_imagen_glutamine-226bbc4e.jpeg"
"sport-fitness","glutamine","https://www.guiavitaminway.com.ar/sport-fitness/glutamine","https://www.guiavitaminway.com.ar/templates/yootheme/cache/5e/SUPLEMENTOS_GLUTAMINE-5e74f3c5.jpeg","sport-fitness\glutamine\03_SUPLEMENTOS_GLUTAMINE-5e74f3c5.jpeg"
"sport-fitness","glutamine","https://www.guiavitaminway.com.ar/sport-fitness/glutamine","https://www.guiavitaminway.com.ar/templates/yootheme/cache/8d/SUPLEMENTOS_GLUTAMINE_Tabla-8dbddc9f.jpeg","sport-fitness\glutamine\04_SUPLEMENTOS_GLUTAMINE_Tabla-8dbddc9f.jpeg"
"sport-fitness","glutamine","https://www.guiavitaminway.com.ar/sport-fitness/glutamine","https://www.guiavitaminway.com.ar/templates/yootheme/cache/9f/guia_vitaminway_sport_glutamine-9f0acb70.png","sport-fitness\glutamine\05_guia_vitaminway_sport_glutamine-9f0acb70.png"
"sport-fitness","glutamine","https://www.guiavitaminway.com.ar/sport-fitness/glutamine","https://www.guiavitaminway.com.ar/templates/yootheme/cache/ac/imagen_glutamine-ac9e1529.jpeg","sport-fitness\glutamine\06_imagen_glutamine-ac9e1529.jpeg"
"sport-fitness","nitric-oxide","https://www.guiavitaminway.com.ar/sport-fitness/nitric-oxide","https://www.guiavitaminway.com.ar/templates/yootheme/cache/5c/SUPLEMENTOS_OXIDE-Limon-5cbdd791.jpeg","sport-fitness\nitric-oxide\01_SUPLEMENTOS_OXIDE-Limon-5cbdd791.jpeg"
"sport-fitness","nitric-oxide","https://www.guiavitaminway.com.ar/sport-fitness/nitric-oxide","https://www.guiavitaminway.com.ar/templates/yootheme/cache/64/imagen_nitric_oxide-644fdd63.jpeg","sport-fitness\nitric-oxide\02_imagen_nitric_oxide-644fdd63.jpeg"
"sport-fitness","nitric-oxide","https://www.guiavitaminway.com.ar/sport-fitness/nitric-oxide","https://www.guiavitaminway.com.ar/templates/yootheme/cache/70/guia_vitaminway_sport_nitric_oxide-705c87f1.png","sport-fitness\nitric-oxide\03_guia_vitaminway_sport_nitric_oxide-705c87f1.png"
"sport-fitness","nitric-oxide","https://www.guiavitaminway.com.ar/sport-fitness/nitric-oxide","https://www.guiavitaminway.com.ar/templates/yootheme/cache/88/imagen_nitric_oxide-88c4ce0b.jpeg","sport-fitness\nitric-oxide\04_imagen_nitric_oxide-88c4ce0b.jpeg"
"sport-fitness","nitric-oxide","https://www.guiavitaminway.com.ar/sport-fitness/nitric-oxide","https://www.guiavitaminway.com.ar/templates/yootheme/cache/c8/guia_vitaminway_sport_nitric_oxide-c8f16792.png","sport-fitness\nitric-oxide\05_guia_vitaminway_sport_nitric_oxide-c8f16792.png"
"sport-fitness","nitric-oxide","https://www.guiavitaminway.com.ar/sport-fitness/nitric-oxide","https://www.guiavitaminway.com.ar/templates/yootheme/cache/dd/SUPLEMENTOS_OXIDE-Limon_Tabla-dd17dc6c.jpeg","sport-fitness\nitric-oxide\06_SUPLEMENTOS_OXIDE-Limon_Tabla-dd17dc6c.jpeg"
"sport-fitness","pre-work","https://www.guiavitaminway.com.ar/sport-fitness/pre-work","https://www.guiavitaminway.com.ar/templates/yootheme/cache/12/guia_vitaminway_sport_pre_work-1244fe2d.png","sport-fitness\pre-work\01_guia_vitaminway_sport_pre_work-1244fe2d.png"
"sport-fitness","pre-work","https://www.guiavitaminway.com.ar/sport-fitness/pre-work","https://www.guiavitaminway.com.ar/templates/yootheme/cache/21/imagen_pre_work-215f3e02.jpeg","sport-fitness\pre-work\02_imagen_pre_work-215f3e02.jpeg"
"sport-fitness","pre-work","https://www.guiavitaminway.com.ar/sport-fitness/pre-work","https://www.guiavitaminway.com.ar/templates/yootheme/cache/2a/guia_vitaminway_sport_pre_work-2ab2ee51.png","sport-fitness\pre-work\03_guia_vitaminway_sport_pre_work-2ab2ee51.png"
"sport-fitness","pre-work","https://www.guiavitaminway.com.ar/sport-fitness/pre-work","https://www.guiavitaminway.com.ar/templates/yootheme/cache/2e/imagen_pre_work-2e377d25.jpeg","sport-fitness\pre-work\04_imagen_pre_work-2e377d25.jpeg"
"sport-fitness","pre-work","https://www.guiavitaminway.com.ar/sport-fitness/pre-work","https://www.guiavitaminway.com.ar/templates/yootheme/cache/83/SUPLEMENTOS_PRE-WORK_Lim%C3%B3n_Tabla-83d2525f.jpeg","sport-fitness\pre-work\05_SUPLEMENTOS_PRE-WORK_Limón_Tabla-83d2525f.jpeg"
"sport-fitness","pre-work","https://www.guiavitaminway.com.ar/sport-fitness/pre-work","https://www.guiavitaminway.com.ar/templates/yootheme/cache/bd/SUPLEMENTOS_PRE-WORK_Limon-bd9dc43b.jpeg","sport-fitness\pre-work\06_SUPLEMENTOS_PRE-WORK_Limon-bd9dc43b.jpeg"
"sport-fitness","tri-blend-whey-collagen","https://www.guiavitaminway.com.ar/sport-fitness/tri-blend-whey-collagen","https://www.guiavitaminway.com.ar/templates/yootheme/cache/6d/PROTEINAS_COLLAGEN_CHOCO-6db9b0c1.jpeg","sport-fitness\tri-blend-whey-collagen\01_PROTEINAS_COLLAGEN_CHOCO-6db9b0c1.jpeg"
"sport-fitness","tri-blend-whey-collagen","https://www.guiavitaminway.com.ar/sport-fitness/tri-blend-whey-collagen","https://www.guiavitaminway.com.ar/templates/yootheme/cache/b4/PROTEINAS_COLLAGEN_COOKIE-b459f377.jpeg","sport-fitness\tri-blend-whey-collagen\02_PROTEINAS_COLLAGEN_COOKIE-b459f377.jpeg"
"sport-fitness","tri-blend-whey-collagen","https://www.guiavitaminway.com.ar/sport-fitness/tri-blend-whey-collagen","https://www.guiavitaminway.com.ar/templates/yootheme/cache/d5/guia_vitaminway_sport_whey_collagen_x2-d5caa915.png","sport-fitness\tri-blend-whey-collagen\03_guia_vitaminway_sport_whey_collagen_x2-d5caa915.png"
"sport-fitness","tri-blend-whey-collagen","https://www.guiavitaminway.com.ar/sport-fitness/tri-blend-whey-collagen","https://www.guiavitaminway.com.ar/templates/yootheme/cache/d7/imagen_tri_blend_whey_collagen-d746af26.jpeg","sport-fitness\tri-blend-whey-collagen\04_imagen_tri_blend_whey_collagen-d746af26.jpeg"
"sport-fitness","tri-blend-whey-collagen","https://www.guiavitaminway.com.ar/sport-fitness/tri-blend-whey-collagen","https://www.guiavitaminway.com.ar/templates/yootheme/cache/d7/PROTEINAS_COLLAGEN_CHOCO_Tabla%20-d7b91be8.jpeg","sport-fitness\tri-blend-whey-collagen\05_PROTEINAS_COLLAGEN_CHOCO_Tabla_-d7b91be8.jpeg"
"sport-fitness","tri-blend-whey-collagen","https://www.guiavitaminway.com.ar/sport-fitness/tri-blend-whey-collagen","https://www.guiavitaminway.com.ar/templates/yootheme/cache/e9/guia_vitaminway_sport_whey_collagen_x2-e9cef756.png","sport-fitness\tri-blend-whey-collagen\06_guia_vitaminway_sport_whey_collagen_x2-e9cef756.png"
"sport-fitness","tri-blend-whey-collagen","https://www.guiavitaminway.com.ar/sport-fitness/tri-blend-whey-collagen","https://www.guiavitaminway.com.ar/templates/yootheme/cache/f3/imagen_tri_blend_whey_collagen-f3150325.jpeg","sport-fitness\tri-blend-whey-collagen\07_imagen_tri_blend_whey_collagen-f3150325.jpeg"
"sport-fitness","tri-blend-whey-collagen","https://www.guiavitaminway.com.ar/sport-fitness/tri-blend-whey-collagen","https://www.guiavitaminway.com.ar/templates/yootheme/cache/f4/PROTEINAS_COLLAGEN_COOKIE_Tabla%20-f4680cce.jpeg","sport-fitness\tri-blend-whey-collagen\08_PROTEINAS_COLLAGEN_COOKIE_Tabla_-f4680cce.jpeg"
"sport-fitness","tri-blend-whey-protein","https://www.guiavitaminway.com.ar/sport-fitness/tri-blend-whey-protein","https://www.guiavitaminway.com.ar/templates/yootheme/cache/0d/guia_vitaminway_sport_tri_blend_whey_protein_x2-0d52115d.png","sport-fitness\tri-blend-whey-protein\01_guia_vitaminway_sport_tri_blend_whey_protein_x2-0d52115d.png"
"sport-fitness","tri-blend-whey-protein","https://www.guiavitaminway.com.ar/sport-fitness/tri-blend-whey-protein","https://www.guiavitaminway.com.ar/templates/yootheme/cache/41/guia_vitaminway_sport_tri_blend_whey_protein_x2-41e44dc9.png","sport-fitness\tri-blend-whey-protein\02_guia_vitaminway_sport_tri_blend_whey_protein_x2-41e44dc9.png"
"sport-fitness","tri-blend-whey-protein","https://www.guiavitaminway.com.ar/sport-fitness/tri-blend-whey-protein","https://www.guiavitaminway.com.ar/templates/yootheme/cache/52/PROTEINAS_TRI%20BLEND_CHOCO_Tabla%20-52e50500.jpeg","sport-fitness\tri-blend-whey-protein\03_PROTEINAS_TRI_BLEND_CHOCO_Tabla_-52e50500.jpeg"
"sport-fitness","tri-blend-whey-protein","https://www.guiavitaminway.com.ar/sport-fitness/tri-blend-whey-protein","https://www.guiavitaminway.com.ar/templates/yootheme/cache/59/PROTEINAS_TRI%20BLEND_COOKIE_Tabla%20-59fab262.jpeg","sport-fitness\tri-blend-whey-protein\04_PROTEINAS_TRI_BLEND_COOKIE_Tabla_-59fab262.jpeg"
"sport-fitness","tri-blend-whey-protein","https://www.guiavitaminway.com.ar/sport-fitness/tri-blend-whey-protein","https://www.guiavitaminway.com.ar/templates/yootheme/cache/8c/PROTEINAS_TRI%20BLEND_COOKIE-8cb24665.jpeg","sport-fitness\tri-blend-whey-protein\05_PROTEINAS_TRI_BLEND_COOKIE-8cb24665.jpeg"
"sport-fitness","tri-blend-whey-protein","https://www.guiavitaminway.com.ar/sport-fitness/tri-blend-whey-protein","https://www.guiavitaminway.com.ar/templates/yootheme/cache/ac/imagen_tri_blend_whey_protein-ac36c6f3.jpeg","sport-fitness\tri-blend-whey-protein\06_imagen_tri_blend_whey_protein-ac36c6f3.jpeg"
"sport-fitness","tri-blend-whey-protein","https://www.guiavitaminway.com.ar/sport-fitness/tri-blend-whey-protein","https://www.guiavitaminway.com.ar/templates/yootheme/cache/d9/PROTEINAS_TRI%20BLEND_CHOCO-d9b1c285.jpeg","sport-fitness\tri-blend-whey-protein\07_PROTEINAS_TRI_BLEND_CHOCO-d9b1c285.jpeg"
"sport-fitness","tri-blend-whey-protein","https://www.guiavitaminway.com.ar/sport-fitness/tri-blend-whey-protein","https://www.guiavitaminway.com.ar/templates/yootheme/cache/e7/imagen_tri_blend_whey_protein-e7b35ee2.jpeg","sport-fitness\tri-blend-whey-protein\08_imagen_tri_blend_whey_protein-e7b35ee2.jpeg"
"sport-fitness","turbo-whey","https://www.guiavitaminway.com.ar/sport-fitness/turbo-whey","https://www.guiavitaminway.com.ar/templates/yootheme/cache/0c/PROTEINAS_TURBO_CHOCO_Tabla%20-0cf92b04.jpeg","sport-fitness\turbo-whey\01_PROTEINAS_TURBO_CHOCO_Tabla_-0cf92b04.jpeg"
"sport-fitness","turbo-whey","https://www.guiavitaminway.com.ar/sport-fitness/turbo-whey","https://www.guiavitaminway.com.ar/templates/yootheme/cache/1c/guia_vitaminway_sport_turbo_whey_x2-1c569de4.png","sport-fitness\turbo-whey\02_guia_vitaminway_sport_turbo_whey_x2-1c569de4.png"
"sport-fitness","turbo-whey","https://www.guiavitaminway.com.ar/sport-fitness/turbo-whey","https://www.guiavitaminway.com.ar/templates/yootheme/cache/24/imagen_turbo_whey-2433629e.jpeg","sport-fitness\turbo-whey\03_imagen_turbo_whey-2433629e.jpeg"
"sport-fitness","turbo-whey","https://www.guiavitaminway.com.ar/sport-fitness/turbo-whey","https://www.guiavitaminway.com.ar/templates/yootheme/cache/3a/PROTEINAS_TURBO_Cookie-3a15c4e6.jpeg","sport-fitness\turbo-whey\04_PROTEINAS_TURBO_Cookie-3a15c4e6.jpeg"
"sport-fitness","turbo-whey","https://www.guiavitaminway.com.ar/sport-fitness/turbo-whey","https://www.guiavitaminway.com.ar/templates/yootheme/cache/90/PROTEINAS_TURBO_Cookie_Tabla%20-90b3c670.jpeg","sport-fitness\turbo-whey\05_PROTEINAS_TURBO_Cookie_Tabla_-90b3c670.jpeg"
"sport-fitness","turbo-whey","https://www.guiavitaminway.com.ar/sport-fitness/turbo-whey","https://www.guiavitaminway.com.ar/templates/yootheme/cache/c5/guia_vitaminway_sport_turbo_whey_x2-c5841632.png","sport-fitness\turbo-whey\06_guia_vitaminway_sport_turbo_whey_x2-c5841632.png"
"sport-fitness","turbo-whey","https://www.guiavitaminway.com.ar/sport-fitness/turbo-whey","https://www.guiavitaminway.com.ar/templates/yootheme/cache/df/imagen_turbo_whey-dff6fa18.jpeg","sport-fitness\turbo-whey\07_imagen_turbo_whey-dff6fa18.jpeg"
"sport-fitness","turbo-whey","https://www.guiavitaminway.com.ar/sport-fitness/turbo-whey","https://www.guiavitaminway.com.ar/templates/yootheme/cache/e0/PROTEINAS_TURBO_CHOCO-e0e3ec73.jpeg","sport-fitness\turbo-whey\08_PROTEINAS_TURBO_CHOCO-e0e3ec73.jpeg"
"sueno-stress","bisglicinato-de-magnesio","https://www.guiavitaminway.com.ar/sueno-stress/bisglicinato-de-magnesio","https://www.guiavitaminway.com.ar/templates/yootheme/cache/4d/foto_bisiglinato_de_magnesio-4d09e1a3.jpeg","sueno-stress\bisglicinato-de-magnesio\01_foto_bisiglinato_de_magnesio-4d09e1a3.jpeg"
"sueno-stress","bisglicinato-de-magnesio","https://www.guiavitaminway.com.ar/sueno-stress/bisglicinato-de-magnesio","https://www.guiavitaminway.com.ar/templates/yootheme/cache/59/foto_bisiglinato_de_magnesio-59b40631.jpeg","sueno-stress\bisglicinato-de-magnesio\02_foto_bisiglinato_de_magnesio-59b40631.jpeg"
"sueno-stress","bisglicinato-de-magnesio","https://www.guiavitaminway.com.ar/sueno-stress/bisglicinato-de-magnesio","https://www.guiavitaminway.com.ar/templates/yootheme/cache/b8/bisglicinato_de_magnesio-b8c898ed.png","sueno-stress\bisglicinato-de-magnesio\03_bisglicinato_de_magnesio-b8c898ed.png"
"sueno-stress","bisglicinato-de-magnesio","https://www.guiavitaminway.com.ar/sueno-stress/bisglicinato-de-magnesio","https://www.guiavitaminway.com.ar/templates/yootheme/cache/c8/cuado_nutricional_bisiglinato_de_magnesio-c86e5f5f.jpeg","sueno-stress\bisglicinato-de-magnesio\04_cuado_nutricional_bisiglinato_de_magnesio-c86e5f5f.jpeg"
"sueno-stress","bisglicinato-de-magnesio","https://www.guiavitaminway.com.ar/sueno-stress/bisglicinato-de-magnesio","https://www.guiavitaminway.com.ar/templates/yootheme/cache/fd/bisiglinato_de_magnesio_pack-fd3afb58.jpeg","sueno-stress\bisglicinato-de-magnesio\05_bisiglinato_de_magnesio_pack-fd3afb58.jpeg"
"sueno-stress","relax-dia","https://www.guiavitaminway.com.ar/sueno-stress/relax-dia","https://www.guiavitaminway.com.ar/templates/yootheme/cache/17/foto_relax_dia-173280d1.jpeg","sueno-stress\relax-dia\01_foto_relax_dia-173280d1.jpeg"
"sueno-stress","relax-dia","https://www.guiavitaminway.com.ar/sueno-stress/relax-dia","https://www.guiavitaminway.com.ar/templates/yootheme/cache/77/relax_dia_packs_vitaminway-774ced97.png","sueno-stress\relax-dia\02_relax_dia_packs_vitaminway-774ced97.png"
"sueno-stress","relax-dia","https://www.guiavitaminway.com.ar/sueno-stress/relax-dia","https://www.guiavitaminway.com.ar/templates/yootheme/cache/7a/Cuadro_cafeina-7a63b1cf.jpeg","sueno-stress\relax-dia\03_Cuadro_cafeina-7a63b1cf.jpeg"
"sueno-stress","relax-dia","https://www.guiavitaminway.com.ar/sueno-stress/relax-dia","https://www.guiavitaminway.com.ar/templates/yootheme/cache/9a/foto_relax_dia-9a6d10d6.jpeg","sueno-stress\relax-dia\04_foto_relax_dia-9a6d10d6.jpeg"
"sueno-stress","relax-dia","https://www.guiavitaminway.com.ar/sueno-stress/relax-dia","https://www.guiavitaminway.com.ar/templates/yootheme/cache/c4/relax_dia_packs_vitaminway-c4adce67.png","sueno-stress\relax-dia\05_relax_dia_packs_vitaminway-c4adce67.png"
"sueno-stress","relax-noche","https://www.guiavitaminway.com.ar/sueno-stress/relax-noche","https://www.guiavitaminway.com.ar/templates/yootheme/cache/0c/relax_noche_packs_vitaminway-0c2edb0c.png","sueno-stress\relax-noche\01_relax_noche_packs_vitaminway-0c2edb0c.png"
"sueno-stress","relax-noche","https://www.guiavitaminway.com.ar/sueno-stress/relax-noche","https://www.guiavitaminway.com.ar/templates/yootheme/cache/21/foto_relax_noche-21bed832.jpeg","sueno-stress\relax-noche\02_foto_relax_noche-21bed832.jpeg"
"sueno-stress","relax-noche","https://www.guiavitaminway.com.ar/sueno-stress/relax-noche","https://www.guiavitaminway.com.ar/templates/yootheme/cache/22/Inf._Nutricional_Relax_Noche-22eef934.jpeg","sueno-stress\relax-noche\03_Inf._Nutricional_Relax_Noche-22eef934.jpeg"
"sueno-stress","relax-noche","https://www.guiavitaminway.com.ar/sueno-stress/relax-noche","https://www.guiavitaminway.com.ar/templates/yootheme/cache/79/relax_noche_packs_vitaminway-791e8b34.png","sueno-stress\relax-noche\04_relax_noche_packs_vitaminway-791e8b34.png"
"sueno-stress","relax-noche","https://www.guiavitaminway.com.ar/sueno-stress/relax-noche","https://www.guiavitaminway.com.ar/templates/yootheme/cache/93/foto_relax_noche-93422bf9.jpeg","sueno-stress\relax-noche\05_foto_relax_noche-93422bf9.jpeg"
"sueno-stress","super-blend-de-hongos","https://www.guiavitaminway.com.ar/sueno-stress/super-blend-de-hongos","https://www.guiavitaminway.com.ar/templates/yootheme/cache/29/foto_super_blend_hongos-29d833d3.jpeg","sueno-stress\super-blend-de-hongos\01_foto_super_blend_hongos-29d833d3.jpeg"
"sueno-stress","super-blend-de-hongos","https://www.guiavitaminway.com.ar/sueno-stress/super-blend-de-hongos","https://www.guiavitaminway.com.ar/templates/yootheme/cache/ac/foto_super_blend_hongos-ac9b1d84.jpeg","sueno-stress\super-blend-de-hongos\02_foto_super_blend_hongos-ac9b1d84.jpeg"
"sueno-stress","super-blend-de-hongos","https://www.guiavitaminway.com.ar/sueno-stress/super-blend-de-hongos","https://www.guiavitaminway.com.ar/templates/yootheme/cache/d9/cuado_informacion_nutricional_super_blendo_hongos-d9c5082c.jpeg","sueno-stress\super-blend-de-hongos\03_cuado_informacion_nutricional_super_blendo_hongos-d9c5082c.jpeg"
"sueno-stress","super-blend-de-hongos","https://www.guiavitaminway.com.ar/sueno-stress/super-blend-de-hongos","https://www.guiavitaminway.com.ar/templates/yootheme/cache/fd/super_blend_6_hongos_resolucion_png-fd710803.png","sueno-stress\super-blend-de-hongos\04_super_blend_6_hongos_resolucion_png-fd710803.png"
"vitaminas-y-minerales","bisglicinato-de-magnesio","https://www.guiavitaminway.com.ar/vitaminas-y-minerales/bisglicinato-de-magnesio","https://www.guiavitaminway.com.ar/templates/yootheme/cache/13/bisglicinato_de_magnesio_imagen-139ff460.jpeg","vitaminas-y-minerales\bisglicinato-de-magnesio\01_bisglicinato_de_magnesio_imagen-139ff460.jpeg"
"vitaminas-y-minerales","bisglicinato-de-magnesio","https://www.guiavitaminway.com.ar/vitaminas-y-minerales/bisglicinato-de-magnesio","https://www.guiavitaminway.com.ar/templates/yootheme/cache/52/cuadro_bisglicinato_de_magnesio-5292c384.jpeg","vitaminas-y-minerales\bisglicinato-de-magnesio\02_cuadro_bisglicinato_de_magnesio-5292c384.jpeg"
"vitaminas-y-minerales","bisglicinato-de-magnesio","https://www.guiavitaminway.com.ar/vitaminas-y-minerales/bisglicinato-de-magnesio","https://www.guiavitaminway.com.ar/templates/yootheme/cache/7d/bisglisinato_magnesio_packs_vitaminway-7deba50c.png","vitaminas-y-minerales\bisglicinato-de-magnesio\03_bisglisinato_magnesio_packs_vitaminway-7deba50c.png"
"vitaminas-y-minerales","bisglicinato-de-magnesio","https://www.guiavitaminway.com.ar/vitaminas-y-minerales/bisglicinato-de-magnesio","https://www.guiavitaminway.com.ar/templates/yootheme/cache/d5/bisglicinato_de_magnesio_imagen-d5efb6e0.jpeg","vitaminas-y-minerales\bisglicinato-de-magnesio\04_bisglicinato_de_magnesio_imagen-d5efb6e0.jpeg"
"vitaminas-y-minerales","bisglicinato-de-magnesio","https://www.guiavitaminway.com.ar/vitaminas-y-minerales/bisglicinato-de-magnesio","https://www.guiavitaminway.com.ar/templates/yootheme/cache/ec/bisglisinato_magnesio_packs_vitaminway-ec00d968.png","vitaminas-y-minerales\bisglicinato-de-magnesio\05_bisglisinato_magnesio_packs_vitaminway-ec00d968.png"
"vitaminas-y-minerales","citrato-de-magnesio","https://www.guiavitaminway.com.ar/vitaminas-y-minerales/citrato-de-magnesio","https://www.guiavitaminway.com.ar/templates/yootheme/cache/1e/foto_citrato_de_magnesio-1eee7d51.jpeg","vitaminas-y-minerales\citrato-de-magnesio\01_foto_citrato_de_magnesio-1eee7d51.jpeg"
"vitaminas-y-minerales","citrato-de-magnesio","https://www.guiavitaminway.com.ar/vitaminas-y-minerales/citrato-de-magnesio","https://www.guiavitaminway.com.ar/templates/yootheme/cache/4d/citrato_de_magnesio_packs_vitaminway-4da6bad5.png","vitaminas-y-minerales\citrato-de-magnesio\02_citrato_de_magnesio_packs_vitaminway-4da6bad5.png"
"vitaminas-y-minerales","citrato-de-magnesio","https://www.guiavitaminway.com.ar/vitaminas-y-minerales/citrato-de-magnesio","https://www.guiavitaminway.com.ar/templates/yootheme/cache/50/citrato_de_magnesio_packs_vitaminway-5046f683.png","vitaminas-y-minerales\citrato-de-magnesio\03_citrato_de_magnesio_packs_vitaminway-5046f683.png"
"vitaminas-y-minerales","citrato-de-magnesio","https://www.guiavitaminway.com.ar/vitaminas-y-minerales/citrato-de-magnesio","https://www.guiavitaminway.com.ar/templates/yootheme/cache/a9/citrato_de_magnesio_cuadro-a92c9a42.jpeg","vitaminas-y-minerales\citrato-de-magnesio\04_citrato_de_magnesio_cuadro-a92c9a42.jpeg"
"vitaminas-y-minerales","citrato-de-magnesio","https://www.guiavitaminway.com.ar/vitaminas-y-minerales/citrato-de-magnesio","https://www.guiavitaminway.com.ar/templates/yootheme/cache/db/foto_citrato_de_magnesio-db83812d.jpeg","vitaminas-y-minerales\citrato-de-magnesio\05_foto_citrato_de_magnesio-db83812d.jpeg"
"vitaminas-y-minerales","citrato-de-magnesio-400","https://www.guiavitaminway.com.ar/vitaminas-y-minerales/citrato-de-magnesio-400","https://www.guiavitaminway.com.ar/images/vitaminway_guia/como_se_usa/preparacion_citrato_de_magnesio_400.jpg","vitaminas-y-minerales\citrato-de-magnesio-400\01_preparacion_citrato_de_magnesio_400.jpg"
"vitaminas-y-minerales","citrato-de-magnesio-400","https://www.guiavitaminway.com.ar/vitaminas-y-minerales/citrato-de-magnesio-400","https://www.guiavitaminway.com.ar/templates/yootheme/cache/05/citrato_de_magnesio_400_cuadro-0566d3af.jpeg","vitaminas-y-minerales\citrato-de-magnesio-400\02_citrato_de_magnesio_400_cuadro-0566d3af.jpeg"
"vitaminas-y-minerales","citrato-de-magnesio-400","https://www.guiavitaminway.com.ar/vitaminas-y-minerales/citrato-de-magnesio-400","https://www.guiavitaminway.com.ar/templates/yootheme/cache/63/imagen_citrato_de_magnesio_400-635c7178.jpeg","vitaminas-y-minerales\citrato-de-magnesio-400\03_imagen_citrato_de_magnesio_400-635c7178.jpeg"
"vitaminas-y-minerales","citrato-de-magnesio-400","https://www.guiavitaminway.com.ar/vitaminas-y-minerales/citrato-de-magnesio-400","https://www.guiavitaminway.com.ar/templates/yootheme/cache/d0/imagen_citrato_de_magnesio_400-d0d1e456.jpeg","vitaminas-y-minerales\citrato-de-magnesio-400\04_imagen_citrato_de_magnesio_400-d0d1e456.jpeg"
"vitaminas-y-minerales","citrato-de-magnesio-400","https://www.guiavitaminway.com.ar/vitaminas-y-minerales/citrato-de-magnesio-400","https://www.guiavitaminway.com.ar/templates/yootheme/cache/fc/citrato_de_magnesio_400-fc62eac6.png","vitaminas-y-minerales\citrato-de-magnesio-400\05_citrato_de_magnesio_400-fc62eac6.png"
"vitaminas-y-minerales","citrato-de-magnesio-400","https://www.guiavitaminway.com.ar/vitaminas-y-minerales/citrato-de-magnesio-400","https://www.guiavitaminway.com.ar/templates/yootheme/cache/ff/citrato_de_magnesio_400-ffc7f159.png","vitaminas-y-minerales\citrato-de-magnesio-400\06_citrato_de_magnesio_400-ffc7f159.png"
"vitaminas-y-minerales","citrato-de-magnesio-en-polvo","https://www.guiavitaminway.com.ar/vitaminas-y-minerales/citrato-de-magnesio-en-polvo","https://www.guiavitaminway.com.ar/templates/yootheme/cache/00/citrato_de_magnesio_sabor_naranja_limon-008ea7b1.png","vitaminas-y-minerales\citrato-de-magnesio-en-polvo\01_citrato_de_magnesio_sabor_naranja_limon-008ea7b1.png"
"vitaminas-y-minerales","citrato-de-magnesio-en-polvo","https://www.guiavitaminway.com.ar/vitaminas-y-minerales/citrato-de-magnesio-en-polvo","https://www.guiavitaminway.com.ar/templates/yootheme/cache/19/preparacion_citrato_de_magnesio_polvo-19e9f045.jpeg","vitaminas-y-minerales\citrato-de-magnesio-en-polvo\02_preparacion_citrato_de_magnesio_polvo-19e9f045.jpeg"
"vitaminas-y-minerales","citrato-de-magnesio-en-polvo","https://www.guiavitaminway.com.ar/vitaminas-y-minerales/citrato-de-magnesio-en-polvo","https://www.guiavitaminway.com.ar/templates/yootheme/cache/5e/citrato_de_magnesio_sabor_naranja_limon-5e31329e.png","vitaminas-y-minerales\citrato-de-magnesio-en-polvo\03_citrato_de_magnesio_sabor_naranja_limon-5e31329e.png"
"vitaminas-y-minerales","citrato-de-magnesio-en-polvo","https://www.guiavitaminway.com.ar/vitaminas-y-minerales/citrato-de-magnesio-en-polvo","https://www.guiavitaminway.com.ar/templates/yootheme/cache/b4/foto_citrato_de_magnesio_polvo-b4ffbeb7.jpeg","vitaminas-y-minerales\citrato-de-magnesio-en-polvo\04_foto_citrato_de_magnesio_polvo-b4ffbeb7.jpeg"
"vitaminas-y-minerales","citrato-de-magnesio-en-polvo","https://www.guiavitaminway.com.ar/vitaminas-y-minerales/citrato-de-magnesio-en-polvo","https://www.guiavitaminway.com.ar/templates/yootheme/cache/df/foto_citrato_de_magnesio_polvo-df5fd609.jpeg","vitaminas-y-minerales\citrato-de-magnesio-en-polvo\05_foto_citrato_de_magnesio_polvo-df5fd609.jpeg"
"vitaminas-y-minerales","citrato-de-magnesio-en-polvo","https://www.guiavitaminway.com.ar/vitaminas-y-minerales/citrato-de-magnesio-en-polvo","https://www.guiavitaminway.com.ar/templates/yootheme/cache/eb/cuadro_citrato_de_magnesio_polvo-eb55ed06.jpeg","vitaminas-y-minerales\citrato-de-magnesio-en-polvo\06_cuadro_citrato_de_magnesio_polvo-eb55ed06.jpeg"
"vitaminas-y-minerales","citrato-de-magnesio-en-polvo","https://www.guiavitaminway.com.ar/vitaminas-y-minerales/citrato-de-magnesio-en-polvo","https://www.guiavitaminway.com.ar/templates/yootheme/cache/ec/preparacion_citrato_de_magnesio_polvo-eca0bfce.jpeg","vitaminas-y-minerales\citrato-de-magnesio-en-polvo\07_preparacion_citrato_de_magnesio_polvo-eca0bfce.jpeg"
"vitaminas-y-minerales","citrato-de-magnesio-sleep-calm","https://www.guiavitaminway.com.ar/vitaminas-y-minerales/citrato-de-magnesio-sleep-calm","https://www.guiavitaminway.com.ar/templates/yootheme/cache/2f/citrato_de_magnesio_sleep_calm_packs_vitaminway-2fd31866.png","vitaminas-y-minerales\citrato-de-magnesio-sleep-calm\01_citrato_de_magnesio_sleep_calm_packs_vitaminway-2fd31866.png"
"vitaminas-y-minerales","citrato-de-magnesio-sleep-calm","https://www.guiavitaminway.com.ar/vitaminas-y-minerales/citrato-de-magnesio-sleep-calm","https://www.guiavitaminway.com.ar/templates/yootheme/cache/3d/citrato_de_magnesio_sleep_calm_packs_vitaminway-3de20bc1.png","vitaminas-y-minerales\citrato-de-magnesio-sleep-calm\02_citrato_de_magnesio_sleep_calm_packs_vitaminway-3de20bc1.png"
"vitaminas-y-minerales","citrato-de-magnesio-sleep-calm","https://www.guiavitaminway.com.ar/vitaminas-y-minerales/citrato-de-magnesio-sleep-calm","https://www.guiavitaminway.com.ar/templates/yootheme/cache/b2/foto_citrato_de_magnesio_sleep_calm-b21b4c6e.jpeg","vitaminas-y-minerales\citrato-de-magnesio-sleep-calm\03_foto_citrato_de_magnesio_sleep_calm-b21b4c6e.jpeg"
"vitaminas-y-minerales","citrato-de-magnesio-sleep-calm","https://www.guiavitaminway.com.ar/vitaminas-y-minerales/citrato-de-magnesio-sleep-calm","https://www.guiavitaminway.com.ar/templates/yootheme/cache/d7/foto_citrato_de_magnesio_sleep_calm-d77f57b9.jpeg","vitaminas-y-minerales\citrato-de-magnesio-sleep-calm\04_foto_citrato_de_magnesio_sleep_calm-d77f57b9.jpeg"
"vitaminas-y-minerales","citrato-de-magnesio-sleep-calm","https://www.guiavitaminway.com.ar/vitaminas-y-minerales/citrato-de-magnesio-sleep-calm","https://www.guiavitaminway.com.ar/templates/yootheme/cache/fb/Inf._Nutricional_Sleep_Calm-fb366e86.png","vitaminas-y-minerales\citrato-de-magnesio-sleep-calm\05_Inf._Nutricional_Sleep_Calm-fb366e86.png"
"vitaminas-y-minerales","citrato-de-potasio","https://www.guiavitaminway.com.ar/vitaminas-y-minerales/citrato-de-potasio","https://www.guiavitaminway.com.ar/templates/yootheme/cache/0d/foto_citrato_de_potasio-0d937f61.jpeg","vitaminas-y-minerales\citrato-de-potasio\01_foto_citrato_de_potasio-0d937f61.jpeg"
"vitaminas-y-minerales","citrato-de-potasio","https://www.guiavitaminway.com.ar/vitaminas-y-minerales/citrato-de-potasio","https://www.guiavitaminway.com.ar/templates/yootheme/cache/42/citrato_de_potasio_packs_vitaminway-42b50b7d.png","vitaminas-y-minerales\citrato-de-potasio\02_citrato_de_potasio_packs_vitaminway-42b50b7d.png"
"vitaminas-y-minerales","citrato-de-potasio","https://www.guiavitaminway.com.ar/vitaminas-y-minerales/citrato-de-potasio","https://www.guiavitaminway.com.ar/templates/yootheme/cache/6d/citrato_de_potasio_packs_vitaminway-6d277ff3.png","vitaminas-y-minerales\citrato-de-potasio\03_citrato_de_potasio_packs_vitaminway-6d277ff3.png"
"vitaminas-y-minerales","citrato-de-potasio","https://www.guiavitaminway.com.ar/vitaminas-y-minerales/citrato-de-potasio","https://www.guiavitaminway.com.ar/templates/yootheme/cache/81/foto_citrato_de_potasio-81c6ecb8.jpeg","vitaminas-y-minerales\citrato-de-potasio\04_foto_citrato_de_potasio-81c6ecb8.jpeg"
"vitaminas-y-minerales","citrato-de-potasio","https://www.guiavitaminway.com.ar/vitaminas-y-minerales/citrato-de-potasio","https://www.guiavitaminway.com.ar/templates/yootheme/cache/da/Inf._nutricional_Citrato_Potasio-da5ccf1e.png","vitaminas-y-minerales\citrato-de-potasio\05_Inf._nutricional_Citrato_Potasio-da5ccf1e.png"
"vitaminas-y-minerales","hierro-quelato","https://www.guiavitaminway.com.ar/vitaminas-y-minerales/hierro-quelato","https://www.guiavitaminway.com.ar/templates/yootheme/cache/78/hierro_quelato_packs_vitaminway-7811014b.png","vitaminas-y-minerales\hierro-quelato\01_hierro_quelato_packs_vitaminway-7811014b.png"
"vitaminas-y-minerales","hierro-quelato","https://www.guiavitaminway.com.ar/vitaminas-y-minerales/hierro-quelato","https://www.guiavitaminway.com.ar/templates/yootheme/cache/80/hierro_quelato_cuadro-80c1660a.jpeg","vitaminas-y-minerales\hierro-quelato\02_hierro_quelato_cuadro-80c1660a.jpeg"
"vitaminas-y-minerales","hierro-quelato","https://www.guiavitaminway.com.ar/vitaminas-y-minerales/hierro-quelato","https://www.guiavitaminway.com.ar/templates/yootheme/cache/a6/hierro_quelato_packs_vitaminway-a6cb86be.png","vitaminas-y-minerales\hierro-quelato\03_hierro_quelato_packs_vitaminway-a6cb86be.png"
"vitaminas-y-minerales","hierro-quelato","https://www.guiavitaminway.com.ar/vitaminas-y-minerales/hierro-quelato","https://www.guiavitaminway.com.ar/templates/yootheme/cache/ab/hierro_quelato_imagen-ab50a132.jpeg","vitaminas-y-minerales\hierro-quelato\04_hierro_quelato_imagen-ab50a132.jpeg"
"vitaminas-y-minerales","hierro-quelato","https://www.guiavitaminway.com.ar/vitaminas-y-minerales/hierro-quelato","https://www.guiavitaminway.com.ar/templates/yootheme/cache/d6/hierro_quelato_imagen-d6889495.jpeg","vitaminas-y-minerales\hierro-quelato\05_hierro_quelato_imagen-d6889495.jpeg"
"vitaminas-y-minerales","inmuno-plus","https://www.guiavitaminway.com.ar/vitaminas-y-minerales/inmuno-plus","https://www.guiavitaminway.com.ar/templates/yootheme/cache/15/foto_inmunoplus-1566ec9e.jpeg","vitaminas-y-minerales\inmuno-plus\01_foto_inmunoplus-1566ec9e.jpeg"
"vitaminas-y-minerales","inmuno-plus","https://www.guiavitaminway.com.ar/vitaminas-y-minerales/inmuno-plus","https://www.guiavitaminway.com.ar/templates/yootheme/cache/2f/inmunoplus_packs_vitaminway-2ff4708b.png","vitaminas-y-minerales\inmuno-plus\02_inmunoplus_packs_vitaminway-2ff4708b.png"
"vitaminas-y-minerales","inmuno-plus","https://www.guiavitaminway.com.ar/vitaminas-y-minerales/inmuno-plus","https://www.guiavitaminway.com.ar/templates/yootheme/cache/89/Cuadro_Inf._Nutricional_Inmuno_Plus-896fd03c.jpeg","vitaminas-y-minerales\inmuno-plus\03_Cuadro_Inf._Nutricional_Inmuno_Plus-896fd03c.jpeg"
"vitaminas-y-minerales","inmuno-plus","https://www.guiavitaminway.com.ar/vitaminas-y-minerales/inmuno-plus","https://www.guiavitaminway.com.ar/templates/yootheme/cache/d8/foto_inmunoplus-d8cd1d88.jpeg","vitaminas-y-minerales\inmuno-plus\04_foto_inmunoplus-d8cd1d88.jpeg"
"vitaminas-y-minerales","inmuno-plus","https://www.guiavitaminway.com.ar/vitaminas-y-minerales/inmuno-plus","https://www.guiavitaminway.com.ar/templates/yootheme/cache/f7/inmunoplus_packs_vitaminway-f7e79559.png","vitaminas-y-minerales\inmuno-plus\05_inmunoplus_packs_vitaminway-f7e79559.png"
"vitaminas-y-minerales","k2-d3","https://www.guiavitaminway.com.ar/vitaminas-y-minerales/k2-d3","https://www.guiavitaminway.com.ar/templates/yootheme/cache/25/k2_d3_packs_vitaminway-2524afcc.png","vitaminas-y-minerales\k2-d3\01_k2_d3_packs_vitaminway-2524afcc.png"
"vitaminas-y-minerales","k2-d3","https://www.guiavitaminway.com.ar/vitaminas-y-minerales/k2-d3","https://www.guiavitaminway.com.ar/templates/yootheme/cache/9e/k2_d3_imagen-9e9ba815.jpeg","vitaminas-y-minerales\k2-d3\02_k2_d3_imagen-9e9ba815.jpeg"
"vitaminas-y-minerales","k2-d3","https://www.guiavitaminway.com.ar/vitaminas-y-minerales/k2-d3","https://www.guiavitaminway.com.ar/templates/yootheme/cache/bf/k2_d3_cuadro-bf04cd31.jpeg","vitaminas-y-minerales\k2-d3\03_k2_d3_cuadro-bf04cd31.jpeg"
"vitaminas-y-minerales","k2-d3","https://www.guiavitaminway.com.ar/vitaminas-y-minerales/k2-d3","https://www.guiavitaminway.com.ar/templates/yootheme/cache/e2/k2_d3_packs_vitaminway-e2e9ff75.png","vitaminas-y-minerales\k2-d3\04_k2_d3_packs_vitaminway-e2e9ff75.png"
"vitaminas-y-minerales","k2-d3","https://www.guiavitaminway.com.ar/vitaminas-y-minerales/k2-d3","https://www.guiavitaminway.com.ar/templates/yootheme/cache/fe/k2_d3_imagen-fe50ad26.jpeg","vitaminas-y-minerales\k2-d3\05_k2_d3_imagen-fe50ad26.jpeg"
"vitaminas-y-minerales","k2-magnesio","https://www.guiavitaminway.com.ar/vitaminas-y-minerales/k2-magnesio","https://www.guiavitaminway.com.ar/templates/yootheme/cache/1d/k2_magnesio_packs_vitaminway-1de7609b.png","vitaminas-y-minerales\k2-magnesio\01_k2_magnesio_packs_vitaminway-1de7609b.png"
"vitaminas-y-minerales","k2-magnesio","https://www.guiavitaminway.com.ar/vitaminas-y-minerales/k2-magnesio","https://www.guiavitaminway.com.ar/templates/yootheme/cache/76/k2_magnesio_cuadro-76023419.jpeg","vitaminas-y-minerales\k2-magnesio\02_k2_magnesio_cuadro-76023419.jpeg"
"vitaminas-y-minerales","k2-magnesio","https://www.guiavitaminway.com.ar/vitaminas-y-minerales/k2-magnesio","https://www.guiavitaminway.com.ar/templates/yootheme/cache/86/k2_magnesio_packs_vitaminway-86344e42.png","vitaminas-y-minerales\k2-magnesio\03_k2_magnesio_packs_vitaminway-86344e42.png"
"vitaminas-y-minerales","k2-magnesio","https://www.guiavitaminway.com.ar/vitaminas-y-minerales/k2-magnesio","https://www.guiavitaminway.com.ar/templates/yootheme/cache/a2/imagen_k2_magnesio-a262bc6d.jpeg","vitaminas-y-minerales\k2-magnesio\04_imagen_k2_magnesio-a262bc6d.jpeg"
"vitaminas-y-minerales","k2-magnesio","https://www.guiavitaminway.com.ar/vitaminas-y-minerales/k2-magnesio","https://www.guiavitaminway.com.ar/templates/yootheme/cache/b7/imagen_k2_magnesio-b7c40de1.jpeg","vitaminas-y-minerales\k2-magnesio\05_imagen_k2_magnesio-b7c40de1.jpeg"
"vitaminas-y-minerales","magnesio","https://www.guiavitaminway.com.ar/vitaminas-y-minerales/magnesio","https://www.guiavitaminway.com.ar/templates/yootheme/cache/17/Cuadros_Info._Nutricional_Magnesio-1746c662.jpeg","vitaminas-y-minerales\magnesio\01_Cuadros_Info._Nutricional_Magnesio-1746c662.jpeg"
"vitaminas-y-minerales","magnesio","https://www.guiavitaminway.com.ar/vitaminas-y-minerales/magnesio","https://www.guiavitaminway.com.ar/templates/yootheme/cache/3c/foto_magnesio-3c9eded7.jpeg","vitaminas-y-minerales\magnesio\02_foto_magnesio-3c9eded7.jpeg"
"vitaminas-y-minerales","magnesio","https://www.guiavitaminway.com.ar/vitaminas-y-minerales/magnesio","https://www.guiavitaminway.com.ar/templates/yootheme/cache/63/megnesio_packs_vitaminway-637c1851.png","vitaminas-y-minerales\magnesio\03_megnesio_packs_vitaminway-637c1851.png"
"vitaminas-y-minerales","magnesio","https://www.guiavitaminway.com.ar/vitaminas-y-minerales/magnesio","https://www.guiavitaminway.com.ar/templates/yootheme/cache/6b/foto_magnesio-6b4751a7.jpeg","vitaminas-y-minerales\magnesio\04_foto_magnesio-6b4751a7.jpeg"
"vitaminas-y-minerales","magnesio","https://www.guiavitaminway.com.ar/vitaminas-y-minerales/magnesio","https://www.guiavitaminway.com.ar/templates/yootheme/cache/78/megnesio_packs_vitaminway-78c48770.png","vitaminas-y-minerales\magnesio\05_megnesio_packs_vitaminway-78c48770.png"
"vitaminas-y-minerales","magnesio-quelato","https://www.guiavitaminway.com.ar/vitaminas-y-minerales/magnesio-quelato","https://www.guiavitaminway.com.ar/templates/yootheme/cache/38/magnesio_quelato_packs_vitaminway-383e2b22.png","vitaminas-y-minerales\magnesio-quelato\01_magnesio_quelato_packs_vitaminway-383e2b22.png"
"vitaminas-y-minerales","magnesio-quelato","https://www.guiavitaminway.com.ar/vitaminas-y-minerales/magnesio-quelato","https://www.guiavitaminway.com.ar/templates/yootheme/cache/5e/magnesio_quelato_cuadro-5ea3aa6c.jpeg","vitaminas-y-minerales\magnesio-quelato\02_magnesio_quelato_cuadro-5ea3aa6c.jpeg"
"vitaminas-y-minerales","magnesio-quelato","https://www.guiavitaminway.com.ar/vitaminas-y-minerales/magnesio-quelato","https://www.guiavitaminway.com.ar/templates/yootheme/cache/7f/magnesio_quelato_packs_vitaminway-7fb6c138.png","vitaminas-y-minerales\magnesio-quelato\03_magnesio_quelato_packs_vitaminway-7fb6c138.png"
"vitaminas-y-minerales","magnesio-quelato","https://www.guiavitaminway.com.ar/vitaminas-y-minerales/magnesio-quelato","https://www.guiavitaminway.com.ar/templates/yootheme/cache/c2/imagen_magnesio_quelato-c2cfcc2e.jpeg","vitaminas-y-minerales\magnesio-quelato\04_imagen_magnesio_quelato-c2cfcc2e.jpeg"
"vitaminas-y-minerales","magnesio-quelato","https://www.guiavitaminway.com.ar/vitaminas-y-minerales/magnesio-quelato","https://www.guiavitaminway.com.ar/templates/yootheme/cache/fd/imagen_magnesio_quelato-fd100700.jpeg","vitaminas-y-minerales\magnesio-quelato\05_imagen_magnesio_quelato-fd100700.jpeg"
"vitaminas-y-minerales","magnesio-stress","https://www.guiavitaminway.com.ar/vitaminas-y-minerales/magnesio-stress","https://www.guiavitaminway.com.ar/templates/yootheme/cache/34/foto_magnesio_stress-344f85ba.jpeg","vitaminas-y-minerales\magnesio-stress\01_foto_magnesio_stress-344f85ba.jpeg"
"vitaminas-y-minerales","magnesio-stress","https://www.guiavitaminway.com.ar/vitaminas-y-minerales/magnesio-stress","https://www.guiavitaminway.com.ar/templates/yootheme/cache/6a/magnesio_stress_packs_vitaminway-6a7a89d0.png","vitaminas-y-minerales\magnesio-stress\02_magnesio_stress_packs_vitaminway-6a7a89d0.png"
"vitaminas-y-minerales","magnesio-stress","https://www.guiavitaminway.com.ar/vitaminas-y-minerales/magnesio-stress","https://www.guiavitaminway.com.ar/templates/yootheme/cache/88/foto_magnesio_stress-8856d70a.jpeg","vitaminas-y-minerales\magnesio-stress\03_foto_magnesio_stress-8856d70a.jpeg"
"vitaminas-y-minerales","magnesio-stress","https://www.guiavitaminway.com.ar/vitaminas-y-minerales/magnesio-stress","https://www.guiavitaminway.com.ar/templates/yootheme/cache/a2/magnesio_stress_packs_vitaminway-a22ebf85.png","vitaminas-y-minerales\magnesio-stress\04_magnesio_stress_packs_vitaminway-a22ebf85.png"
"vitaminas-y-minerales","magnesio-stress","https://www.guiavitaminway.com.ar/vitaminas-y-minerales/magnesio-stress","https://www.guiavitaminway.com.ar/templates/yootheme/cache/cd/Inf._Nutricional_Mg_Stress-cdf218f3.jpeg","vitaminas-y-minerales\magnesio-stress\05_Inf._Nutricional_Mg_Stress-cdf218f3.jpeg"
"vitaminas-y-minerales","multi-magnesio-en-capsula","https://www.guiavitaminway.com.ar/vitaminas-y-minerales/multi-magnesio-en-capsula","https://www.guiavitaminway.com.ar/templates/yootheme/cache/0d/multi_magnesio_packs_vitaminway-0df43b94.png","vitaminas-y-minerales\multi-magnesio-en-capsula\01_multi_magnesio_packs_vitaminway-0df43b94.png"
"vitaminas-y-minerales","multi-magnesio-en-capsula","https://www.guiavitaminway.com.ar/vitaminas-y-minerales/multi-magnesio-en-capsula","https://www.guiavitaminway.com.ar/templates/yootheme/cache/45/imagen_multi_magnesio_capsula-45d9d7f3.jpeg","vitaminas-y-minerales\multi-magnesio-en-capsula\02_imagen_multi_magnesio_capsula-45d9d7f3.jpeg"
"vitaminas-y-minerales","multi-magnesio-en-capsula","https://www.guiavitaminway.com.ar/vitaminas-y-minerales/multi-magnesio-en-capsula","https://www.guiavitaminway.com.ar/templates/yootheme/cache/72/multi_magnesio_packs_vitaminway-7256b415.png","vitaminas-y-minerales\multi-magnesio-en-capsula\03_multi_magnesio_packs_vitaminway-7256b415.png"
"vitaminas-y-minerales","multi-magnesio-en-capsula","https://www.guiavitaminway.com.ar/vitaminas-y-minerales/multi-magnesio-en-capsula","https://www.guiavitaminway.com.ar/templates/yootheme/cache/b4/multi_magnesio_capsula_cuadro-b4388093.jpeg","vitaminas-y-minerales\multi-magnesio-en-capsula\04_multi_magnesio_capsula_cuadro-b4388093.jpeg"
"vitaminas-y-minerales","multi-magnesio-en-capsula","https://www.guiavitaminway.com.ar/vitaminas-y-minerales/multi-magnesio-en-capsula","https://www.guiavitaminway.com.ar/templates/yootheme/cache/eb/imagen_multi_magnesio_capsula-eb1636ee.jpeg","vitaminas-y-minerales\multi-magnesio-en-capsula\05_imagen_multi_magnesio_capsula-eb1636ee.jpeg"
"vitaminas-y-minerales","multi-magnesio-en-polvo","https://www.guiavitaminway.com.ar/vitaminas-y-minerales/multi-magnesio-en-polvo","https://www.guiavitaminway.com.ar/templates/yootheme/cache/11/multi_magnesio_polvo-11725373.png","vitaminas-y-minerales\multi-magnesio-en-polvo\01_multi_magnesio_polvo-11725373.png"
"vitaminas-y-minerales","multi-magnesio-en-polvo","https://www.guiavitaminway.com.ar/vitaminas-y-minerales/multi-magnesio-en-polvo","https://www.guiavitaminway.com.ar/templates/yootheme/cache/62/imagen_multi_magnesio_polvo-627399fa.jpeg","vitaminas-y-minerales\multi-magnesio-en-polvo\02_imagen_multi_magnesio_polvo-627399fa.jpeg"
"vitaminas-y-minerales","multi-magnesio-en-polvo","https://www.guiavitaminway.com.ar/vitaminas-y-minerales/multi-magnesio-en-polvo","https://www.guiavitaminway.com.ar/templates/yootheme/cache/71/multi_magnesio_cuadro-712d159e.jpeg","vitaminas-y-minerales\multi-magnesio-en-polvo\03_multi_magnesio_cuadro-712d159e.jpeg"
"vitaminas-y-minerales","multi-magnesio-en-polvo","https://www.guiavitaminway.com.ar/vitaminas-y-minerales/multi-magnesio-en-polvo","https://www.guiavitaminway.com.ar/templates/yootheme/cache/b0/multi_magnesio_polvo-b022abbc.png","vitaminas-y-minerales\multi-magnesio-en-polvo\04_multi_magnesio_polvo-b022abbc.png"
"vitaminas-y-minerales","multi-magnesio-en-polvo","https://www.guiavitaminway.com.ar/vitaminas-y-minerales/multi-magnesio-en-polvo","https://www.guiavitaminway.com.ar/templates/yootheme/cache/c3/imagen_multi_magnesio_polvo-c3edc2fd.jpeg","vitaminas-y-minerales\multi-magnesio-en-polvo\05_imagen_multi_magnesio_polvo-c3edc2fd.jpeg"
"vitaminas-y-minerales","multivitaminico-energia","https://www.guiavitaminway.com.ar/vitaminas-y-minerales/multivitaminico-energia","https://www.guiavitaminway.com.ar/templates/yootheme/cache/23/foto_multivitaminico_energia-2346b17e.jpeg","vitaminas-y-minerales\multivitaminico-energia\01_foto_multivitaminico_energia-2346b17e.jpeg"
"vitaminas-y-minerales","multivitaminico-energia","https://www.guiavitaminway.com.ar/vitaminas-y-minerales/multivitaminico-energia","https://www.guiavitaminway.com.ar/templates/yootheme/cache/39/multivitaminico_energia_packs_vitaminway-39d424e5.png","vitaminas-y-minerales\multivitaminico-energia\02_multivitaminico_energia_packs_vitaminway-39d424e5.png"
"vitaminas-y-minerales","multivitaminico-energia","https://www.guiavitaminway.com.ar/vitaminas-y-minerales/multivitaminico-energia","https://www.guiavitaminway.com.ar/templates/yootheme/cache/66/foto_multivitaminico_energia-66a88863.jpeg","vitaminas-y-minerales\multivitaminico-energia\03_foto_multivitaminico_energia-66a88863.jpeg"
"vitaminas-y-minerales","multivitaminico-energia","https://www.guiavitaminway.com.ar/vitaminas-y-minerales/multivitaminico-energia","https://www.guiavitaminway.com.ar/templates/yootheme/cache/d7/Cuadros_Info._Nutricional_Multivitam_nico_energia-d79aa1d4.jpeg","vitaminas-y-minerales\multivitaminico-energia\04_Cuadros_Info._Nutricional_Multivitam_nico_energia-d79aa1d4.jpeg"
"vitaminas-y-minerales","multivitaminico-energia","https://www.guiavitaminway.com.ar/vitaminas-y-minerales/multivitaminico-energia","https://www.guiavitaminway.com.ar/templates/yootheme/cache/f5/multivitaminico_energia_packs_vitaminway-f5214020.png","vitaminas-y-minerales\multivitaminico-energia\05_multivitaminico_energia_packs_vitaminway-f5214020.png"
"vitaminas-y-minerales","multivitaminico-vegano","https://www.guiavitaminway.com.ar/vitaminas-y-minerales/multivitaminico-vegano","https://www.guiavitaminway.com.ar/templates/yootheme/cache/08/multivitaminico_vegano_packs_vitaminway-08a66548.png","vitaminas-y-minerales\multivitaminico-vegano\01_multivitaminico_vegano_packs_vitaminway-08a66548.png"
"vitaminas-y-minerales","multivitaminico-vegano","https://www.guiavitaminway.com.ar/vitaminas-y-minerales/multivitaminico-vegano","https://www.guiavitaminway.com.ar/templates/yootheme/cache/51/Inf._Nutricional_Multi_Vegano-51bc83cc.jpeg","vitaminas-y-minerales\multivitaminico-vegano\02_Inf._Nutricional_Multi_Vegano-51bc83cc.jpeg"
"vitaminas-y-minerales","multivitaminico-vegano","https://www.guiavitaminway.com.ar/vitaminas-y-minerales/multivitaminico-vegano","https://www.guiavitaminway.com.ar/templates/yootheme/cache/83/foto_multivitaminico_vegano-83973047.jpeg","vitaminas-y-minerales\multivitaminico-vegano\03_foto_multivitaminico_vegano-83973047.jpeg"
"vitaminas-y-minerales","multivitaminico-vegano","https://www.guiavitaminway.com.ar/vitaminas-y-minerales/multivitaminico-vegano","https://www.guiavitaminway.com.ar/templates/yootheme/cache/a1/multivitaminico_vegano_packs_vitaminway-a1d414ff.png","vitaminas-y-minerales\multivitaminico-vegano\04_multivitaminico_vegano_packs_vitaminway-a1d414ff.png"
"vitaminas-y-minerales","multivitaminico-vegano","https://www.guiavitaminway.com.ar/vitaminas-y-minerales/multivitaminico-vegano","https://www.guiavitaminway.com.ar/templates/yootheme/cache/fd/foto_multivitaminico_vegano-fde626cf.jpeg","vitaminas-y-minerales\multivitaminico-vegano\05_foto_multivitaminico_vegano-fde626cf.jpeg"
"vitaminas-y-minerales","multivitaminico-y-multimineral","https://www.guiavitaminway.com.ar/vitaminas-y-minerales/multivitaminico-y-multimineral","https://www.guiavitaminway.com.ar/templates/yootheme/cache/04/foto_multivitaminico-04231db9.jpeg","vitaminas-y-minerales\multivitaminico-y-multimineral\01_foto_multivitaminico-04231db9.jpeg"
"vitaminas-y-minerales","multivitaminico-y-multimineral","https://www.guiavitaminway.com.ar/vitaminas-y-minerales/multivitaminico-y-multimineral","https://www.guiavitaminway.com.ar/templates/yootheme/cache/5a/Cuadros_Info._Nutricional_Multivitam_nico-5a2d6825.jpeg","vitaminas-y-minerales\multivitaminico-y-multimineral\02_Cuadros_Info._Nutricional_Multivitam_nico-5a2d6825.jpeg"
"vitaminas-y-minerales","multivitaminico-y-multimineral","https://www.guiavitaminway.com.ar/vitaminas-y-minerales/multivitaminico-y-multimineral","https://www.guiavitaminway.com.ar/templates/yootheme/cache/8e/foto_multivitaminico-8ed059ea.jpeg","vitaminas-y-minerales\multivitaminico-y-multimineral\03_foto_multivitaminico-8ed059ea.jpeg"
"vitaminas-y-minerales","multivitaminico-y-multimineral","https://www.guiavitaminway.com.ar/vitaminas-y-minerales/multivitaminico-y-multimineral","https://www.guiavitaminway.com.ar/templates/yootheme/cache/b5/multivitaminico_packs_vitaminway-b5fc3afd.png","vitaminas-y-minerales\multivitaminico-y-multimineral\04_multivitaminico_packs_vitaminway-b5fc3afd.png"
"vitaminas-y-minerales","multivitaminico-y-multimineral","https://www.guiavitaminway.com.ar/vitaminas-y-minerales/multivitaminico-y-multimineral","https://www.guiavitaminway.com.ar/templates/yootheme/cache/ee/multivitaminico_packs_vitaminway-ee2976e3.png","vitaminas-y-minerales\multivitaminico-y-multimineral\05_multivitaminico_packs_vitaminway-ee2976e3.png"
"vitaminas-y-minerales","selenio-200-quelato","https://www.guiavitaminway.com.ar/vitaminas-y-minerales/selenio-200-quelato","https://www.guiavitaminway.com.ar/templates/yootheme/cache/3b/foto_selenio_200_quelato-3b8b8212.jpeg","vitaminas-y-minerales\selenio-200-quelato\01_foto_selenio_200_quelato-3b8b8212.jpeg"
"vitaminas-y-minerales","selenio-200-quelato","https://www.guiavitaminway.com.ar/vitaminas-y-minerales/selenio-200-quelato","https://www.guiavitaminway.com.ar/templates/yootheme/cache/b3/foto_selenio_200_quelato-b39549a2.jpeg","vitaminas-y-minerales\selenio-200-quelato\02_foto_selenio_200_quelato-b39549a2.jpeg"
"vitaminas-y-minerales","selenio-200-quelato","https://www.guiavitaminway.com.ar/vitaminas-y-minerales/selenio-200-quelato","https://www.guiavitaminway.com.ar/templates/yootheme/cache/c1/selenio_200_quelato_packs_vitaminway-c12ca593.png","vitaminas-y-minerales\selenio-200-quelato\03_selenio_200_quelato_packs_vitaminway-c12ca593.png"
"vitaminas-y-minerales","selenio-200-quelato","https://www.guiavitaminway.com.ar/vitaminas-y-minerales/selenio-200-quelato","https://www.guiavitaminway.com.ar/templates/yootheme/cache/e0/selenio_200_quelato_cuadro-e09f71f1.jpeg","vitaminas-y-minerales\selenio-200-quelato\04_selenio_200_quelato_cuadro-e09f71f1.jpeg"
"vitaminas-y-minerales","selenio-200-quelato","https://www.guiavitaminway.com.ar/vitaminas-y-minerales/selenio-200-quelato","https://www.guiavitaminway.com.ar/templates/yootheme/cache/f1/selenio_200_quelato_packs_vitaminway-f12cc4ea.png","vitaminas-y-minerales\selenio-200-quelato\05_selenio_200_quelato_packs_vitaminway-f12cc4ea.png"
"vitaminas-y-minerales","spirulina","https://www.guiavitaminway.com.ar/vitaminas-y-minerales/spirulina","https://www.guiavitaminway.com.ar/templates/yootheme/cache/30/spirulina_packs_vitaminway-30d3ff2b.png","vitaminas-y-minerales\spirulina\01_spirulina_packs_vitaminway-30d3ff2b.png"
"vitaminas-y-minerales","spirulina","https://www.guiavitaminway.com.ar/vitaminas-y-minerales/spirulina","https://www.guiavitaminway.com.ar/templates/yootheme/cache/97/Cuadros_Info._Nutricional_Spirulina-97b54fcb.jpeg","vitaminas-y-minerales\spirulina\02_Cuadros_Info._Nutricional_Spirulina-97b54fcb.jpeg"
"vitaminas-y-minerales","spirulina","https://www.guiavitaminway.com.ar/vitaminas-y-minerales/spirulina","https://www.guiavitaminway.com.ar/templates/yootheme/cache/a8/foto_spirulina-a82662e7.jpeg","vitaminas-y-minerales\spirulina\03_foto_spirulina-a82662e7.jpeg"
"vitaminas-y-minerales","spirulina","https://www.guiavitaminway.com.ar/vitaminas-y-minerales/spirulina","https://www.guiavitaminway.com.ar/templates/yootheme/cache/fa/foto_spirulina-fa5216dc.jpeg","vitaminas-y-minerales\spirulina\04_foto_spirulina-fa5216dc.jpeg"
"vitaminas-y-minerales","spirulina","https://www.guiavitaminway.com.ar/vitaminas-y-minerales/spirulina","https://www.guiavitaminway.com.ar/templates/yootheme/cache/fe/spirulina_packs_vitaminway-fe98e32a.png","vitaminas-y-minerales\spirulina\05_spirulina_packs_vitaminway-fe98e32a.png"
"vitaminas-y-minerales","trans-resveratrol-500","https://www.guiavitaminway.com.ar/vitaminas-y-minerales/trans-resveratrol-500","https://www.guiavitaminway.com.ar/templates/yootheme/cache/3c/trans_reveratrol_500_packs_vitaminway-3ce93d4c.png","vitaminas-y-minerales\trans-resveratrol-500\01_trans_reveratrol_500_packs_vitaminway-3ce93d4c.png"
"vitaminas-y-minerales","trans-resveratrol-500","https://www.guiavitaminway.com.ar/vitaminas-y-minerales/trans-resveratrol-500","https://www.guiavitaminway.com.ar/templates/yootheme/cache/6b/trans_resveratrol_500_imagen-6b1c0da2.jpeg","vitaminas-y-minerales\trans-resveratrol-500\02_trans_resveratrol_500_imagen-6b1c0da2.jpeg"
"vitaminas-y-minerales","trans-resveratrol-500","https://www.guiavitaminway.com.ar/vitaminas-y-minerales/trans-resveratrol-500","https://www.guiavitaminway.com.ar/templates/yootheme/cache/7b/trans_resveratrol_500_cuadro-7bc8972b.jpeg","vitaminas-y-minerales\trans-resveratrol-500\03_trans_resveratrol_500_cuadro-7bc8972b.jpeg"
"vitaminas-y-minerales","trans-resveratrol-500","https://www.guiavitaminway.com.ar/vitaminas-y-minerales/trans-resveratrol-500","https://www.guiavitaminway.com.ar/templates/yootheme/cache/a2/trans_reveratrol_500_packs_vitaminway-a2034ca5.png","vitaminas-y-minerales\trans-resveratrol-500\04_trans_reveratrol_500_packs_vitaminway-a2034ca5.png"
"vitaminas-y-minerales","trans-resveratrol-500","https://www.guiavitaminway.com.ar/vitaminas-y-minerales/trans-resveratrol-500","https://www.guiavitaminway.com.ar/templates/yootheme/cache/cf/trans_resveratrol_500_imagen-cf532e80.jpeg","vitaminas-y-minerales\trans-resveratrol-500\05_trans_resveratrol_500_imagen-cf532e80.jpeg"
"vitaminas-y-minerales","triple-magnesio-50","https://www.guiavitaminway.com.ar/vitaminas-y-minerales/triple-magnesio-50","https://www.guiavitaminway.com.ar/templates/yootheme/cache/3a/triple_magnesio_mas_cincuenta-3a6e0254.jpeg","vitaminas-y-minerales\triple-magnesio-50\01_triple_magnesio_mas_cincuenta-3a6e0254.jpeg"
"vitaminas-y-minerales","triple-magnesio-50","https://www.guiavitaminway.com.ar/vitaminas-y-minerales/triple-magnesio-50","https://www.guiavitaminway.com.ar/templates/yootheme/cache/8b/triple_magnesio_50_imagen-8b798e3c.jpeg","vitaminas-y-minerales\triple-magnesio-50\02_triple_magnesio_50_imagen-8b798e3c.jpeg"
"vitaminas-y-minerales","triple-magnesio-50","https://www.guiavitaminway.com.ar/vitaminas-y-minerales/triple-magnesio-50","https://www.guiavitaminway.com.ar/templates/yootheme/cache/a2/triple_magnesio_50_cuadro-a2f8693d.jpeg","vitaminas-y-minerales\triple-magnesio-50\03_triple_magnesio_50_cuadro-a2f8693d.jpeg"
"vitaminas-y-minerales","triple-magnesio-50","https://www.guiavitaminway.com.ar/vitaminas-y-minerales/triple-magnesio-50","https://www.guiavitaminway.com.ar/templates/yootheme/cache/dd/triple_magnesio_50_imagen-ddbe0844.jpeg","vitaminas-y-minerales\triple-magnesio-50\04_triple_magnesio_50_imagen-ddbe0844.jpeg"
"vitaminas-y-minerales","triple-magnesio-50","https://www.guiavitaminway.com.ar/vitaminas-y-minerales/triple-magnesio-50","https://www.guiavitaminway.com.ar/templates/yootheme/cache/e6/triple_magnesio_mas_cincuenta-e6d79c62.jpeg","vitaminas-y-minerales\triple-magnesio-50\05_triple_magnesio_mas_cincuenta-e6d79c62.jpeg"
"vitaminas-y-minerales","vitamina-b12-vegana","https://www.guiavitaminway.com.ar/vitaminas-y-minerales/vitamina-b12-vegana","https://www.guiavitaminway.com.ar/templates/yootheme/cache/58/vitamina_b12_vegana_packs_vitaminway-580c8adb.png","vitaminas-y-minerales\vitamina-b12-vegana\01_vitamina_b12_vegana_packs_vitaminway-580c8adb.png"
"vitaminas-y-minerales","vitamina-b12-vegana","https://www.guiavitaminway.com.ar/vitaminas-y-minerales/vitamina-b12-vegana","https://www.guiavitaminway.com.ar/templates/yootheme/cache/9e/Inf._Nutricional_B12_Vegana-9ee4d7d7.jpeg","vitaminas-y-minerales\vitamina-b12-vegana\02_Inf._Nutricional_B12_Vegana-9ee4d7d7.jpeg"
"vitaminas-y-minerales","vitamina-b12-vegana","https://www.guiavitaminway.com.ar/vitaminas-y-minerales/vitamina-b12-vegana","https://www.guiavitaminway.com.ar/templates/yootheme/cache/d9/foto_vitamina_b12-d93b4c7b.jpeg","vitaminas-y-minerales\vitamina-b12-vegana\03_foto_vitamina_b12-d93b4c7b.jpeg"
"vitaminas-y-minerales","vitamina-b12-vegana","https://www.guiavitaminway.com.ar/vitaminas-y-minerales/vitamina-b12-vegana","https://www.guiavitaminway.com.ar/templates/yootheme/cache/e2/vitamina_b12_vegana_packs_vitaminway-e2efbc9e.png","vitaminas-y-minerales\vitamina-b12-vegana\04_vitamina_b12_vegana_packs_vitaminway-e2efbc9e.png"
"vitaminas-y-minerales","vitamina-b12-vegana","https://www.guiavitaminway.com.ar/vitaminas-y-minerales/vitamina-b12-vegana","https://www.guiavitaminway.com.ar/templates/yootheme/cache/f8/foto_vitamina_b12-f82192b0.jpeg","vitaminas-y-minerales\vitamina-b12-vegana\05_foto_vitamina_b12-f82192b0.jpeg"
"vitaminas-y-minerales","vitamina-c","https://www.guiavitaminway.com.ar/vitaminas-y-minerales/vitamina-c","https://www.guiavitaminway.com.ar/templates/yootheme/cache/3f/vitamina_c_x30_packs_vitaminway-3fb4a4f3.png","vitaminas-y-minerales\vitamina-c\01_vitamina_c_x30_packs_vitaminway-3fb4a4f3.png"
"vitaminas-y-minerales","vitamina-c","https://www.guiavitaminway.com.ar/vitaminas-y-minerales/vitamina-c","https://www.guiavitaminway.com.ar/templates/yootheme/cache/9f/Cuadros_Info._Nutricional_Vitamina_C-9f08d774.jpeg","vitaminas-y-minerales\vitamina-c\02_Cuadros_Info._Nutricional_Vitamina_C-9f08d774.jpeg"
"vitaminas-y-minerales","vitamina-c","https://www.guiavitaminway.com.ar/vitaminas-y-minerales/vitamina-c","https://www.guiavitaminway.com.ar/templates/yootheme/cache/b4/vitamina_c_x30_packs_vitaminway-b45199bd.png","vitaminas-y-minerales\vitamina-c\03_vitamina_c_x30_packs_vitaminway-b45199bd.png"
"vitaminas-y-minerales","vitamina-c","https://www.guiavitaminway.com.ar/vitaminas-y-minerales/vitamina-c","https://www.guiavitaminway.com.ar/templates/yootheme/cache/db/foto_vitamina_c-db678c16.jpeg","vitaminas-y-minerales\vitamina-c\04_foto_vitamina_c-db678c16.jpeg"
"vitaminas-y-minerales","vitamina-c","https://www.guiavitaminway.com.ar/vitaminas-y-minerales/vitamina-c","https://www.guiavitaminway.com.ar/templates/yootheme/cache/e6/foto_vitamina_c-e6249fc9.jpeg","vitaminas-y-minerales\vitamina-c\05_foto_vitamina_c-e6249fc9.jpeg"
"vitaminas-y-minerales","vitamina-c-en-polvo","https://www.guiavitaminway.com.ar/vitaminas-y-minerales/vitamina-c-en-polvo","https://www.guiavitaminway.com.ar/templates/yootheme/cache/01/imagen_vitamina_c_polvo-01b0cef1.jpeg","vitaminas-y-minerales\vitamina-c-en-polvo\01_imagen_vitamina_c_polvo-01b0cef1.jpeg"
"vitaminas-y-minerales","vitamina-c-en-polvo","https://www.guiavitaminway.com.ar/vitaminas-y-minerales/vitamina-c-en-polvo","https://www.guiavitaminway.com.ar/templates/yootheme/cache/43/vitamina_c_polvo-43f5bef7.png","vitaminas-y-minerales\vitamina-c-en-polvo\02_vitamina_c_polvo-43f5bef7.png"
"vitaminas-y-minerales","vitamina-c-en-polvo","https://www.guiavitaminway.com.ar/vitaminas-y-minerales/vitamina-c-en-polvo","https://www.guiavitaminway.com.ar/templates/yootheme/cache/65/vitamina_c_polvo-658c8eec.png","vitaminas-y-minerales\vitamina-c-en-polvo\03_vitamina_c_polvo-658c8eec.png"
"vitaminas-y-minerales","vitamina-c-en-polvo","https://www.guiavitaminway.com.ar/vitaminas-y-minerales/vitamina-c-en-polvo","https://www.guiavitaminway.com.ar/templates/yootheme/cache/87/imagen_vitamina_c_polvo-87c3857b.jpeg","vitaminas-y-minerales\vitamina-c-en-polvo\04_imagen_vitamina_c_polvo-87c3857b.jpeg"
"vitaminas-y-minerales","vitamina-c-en-polvo","https://www.guiavitaminway.com.ar/vitaminas-y-minerales/vitamina-c-en-polvo","https://www.guiavitaminway.com.ar/templates/yootheme/cache/a3/vitamina_c_1000mg_cuadro-a30e37d3.jpeg","vitaminas-y-minerales\vitamina-c-en-polvo\05_vitamina_c_1000mg_cuadro-a30e37d3.jpeg"
"vitaminas-y-minerales","vitamina-d","https://www.guiavitaminway.com.ar/vitaminas-y-minerales/vitamina-d","https://www.guiavitaminway.com.ar/templates/yootheme/cache/17/vitamina_d_packs_vitaminway-1708b262.png","vitaminas-y-minerales\vitamina-d\01_vitamina_d_packs_vitaminway-1708b262.png"
"vitaminas-y-minerales","vitamina-d","https://www.guiavitaminway.com.ar/vitaminas-y-minerales/vitamina-d","https://www.guiavitaminway.com.ar/templates/yootheme/cache/5d/Cuadros_Info._Nutricional_Vitamina_D-5dfc9e4c.jpeg","vitaminas-y-minerales\vitamina-d\02_Cuadros_Info._Nutricional_Vitamina_D-5dfc9e4c.jpeg"
"vitaminas-y-minerales","vitamina-d","https://www.guiavitaminway.com.ar/vitaminas-y-minerales/vitamina-d","https://www.guiavitaminway.com.ar/templates/yootheme/cache/6d/vitamina_d_packs_vitaminway-6ddd9306.png","vitaminas-y-minerales\vitamina-d\03_vitamina_d_packs_vitaminway-6ddd9306.png"
"vitaminas-y-minerales","vitamina-d","https://www.guiavitaminway.com.ar/vitaminas-y-minerales/vitamina-d","https://www.guiavitaminway.com.ar/templates/yootheme/cache/97/foto_vitamina_d-97108eec.jpeg","vitaminas-y-minerales\vitamina-d\04_foto_vitamina_d-97108eec.jpeg"
"vitaminas-y-minerales","vitamina-d","https://www.guiavitaminway.com.ar/vitaminas-y-minerales/vitamina-d","https://www.guiavitaminway.com.ar/templates/yootheme/cache/af/foto_vitamina_d-afe1d9e6.jpeg","vitaminas-y-minerales\vitamina-d\05_foto_vitamina_d-afe1d9e6.jpeg"
"vitaminas-y-minerales","zinc-quelato","https://www.guiavitaminway.com.ar/vitaminas-y-minerales/zinc-quelato","https://www.guiavitaminway.com.ar/templates/yootheme/cache/2b/foto_zinc_quelato-2beec7e2.jpeg","vitaminas-y-minerales\zinc-quelato\01_foto_zinc_quelato-2beec7e2.jpeg"
"vitaminas-y-minerales","zinc-quelato","https://www.guiavitaminway.com.ar/vitaminas-y-minerales/zinc-quelato","https://www.guiavitaminway.com.ar/templates/yootheme/cache/3a/zinc_quelato_packs_vitaminway-3a7d65a3.png","vitaminas-y-minerales\zinc-quelato\02_zinc_quelato_packs_vitaminway-3a7d65a3.png"
"vitaminas-y-minerales","zinc-quelato","https://www.guiavitaminway.com.ar/vitaminas-y-minerales/zinc-quelato","https://www.guiavitaminway.com.ar/templates/yootheme/cache/3e/foto_zinc_quelato-3e42d4d2.jpeg","vitaminas-y-minerales\zinc-quelato\03_foto_zinc_quelato-3e42d4d2.jpeg"
"vitaminas-y-minerales","zinc-quelato","https://www.guiavitaminway.com.ar/vitaminas-y-minerales/zinc-quelato","https://www.guiavitaminway.com.ar/templates/yootheme/cache/73/zinc_quelato_cuadro-73050018.jpeg","vitaminas-y-minerales\zinc-quelato\04_zinc_quelato_cuadro-73050018.jpeg"
"vitaminas-y-minerales","zinc-quelato","https://www.guiavitaminway.com.ar/vitaminas-y-minerales/zinc-quelato","https://www.guiavitaminway.com.ar/templates/yootheme/cache/ca/zinc_quelato_packs_vitaminway-ca219d96.png","vitaminas-y-minerales\zinc-quelato\05_zinc_quelato_packs_vitaminway-ca219d96.png"
